pmid,ArticleType,Substance,MeSH,Title,PubDate,Journal,nct_id,pub_source,start_date,primary_completion__date,study_type,brief_title,overall_status,phase,sponsor,why_stopped,pubmed_links,ctg_links,Abstract,Registry,Total_pubs,vaccine_trial_flag,Number_of_updates,US_site_flag,country,Has_Results,mapped_intervention
32473681,"Journal Article|Research Support, N.I.H., Extramural|Research Support, Non-U.S. Gov't",Antiviral Agents|Hydroxychloroquine|Azithromycin|NA,"Aged|Antiviral Agents|Azithromycin|Betacoronavirus|COVID-19|Cause of Death|Comorbidity|Coronavirus Infections|Databases, Factual|Female|Humans|Hydroxychloroquine|Male|Middle Aged|Neoplasms|Pandemics|Pneumonia, Viral|Prognosis|Risk Factors|SARS-CoV-2|NA",Clinical impact of COVID-19 on patients with cancer (CCC19): a cohort study.,2020-07-02,"Lancet (London, England)",NCT04354701,Abstract,2020-03-17,2021-12-31,Observational [Patient Registry],COVID-19 and Cancer Consortium Registry,Recruiting,NA,Vanderbilt-Ingram Cancer Center,NA,https://pubmed.ncbi.nlm.nih.gov/32473681,https://clinicaltrials.gov/ct2/show/NCT04354701,2,0,2,0,4,1,United States,0,web-based redcap survey
32496206,Journal Article, ,"Adolescent|Adult|Aged|Aged, 80 and over|Betacoronavirus|COVID-19|Coronavirus Infections|Disease Outbreaks|France|Humans|Middle Aged|Olfaction Disorders|Pandemics|Pneumonia, Viral|SARS-CoV-2|Self-Assessment|Surveys and Questionnaires|Young Adult|NA",Epidemiological Observations on the Association Between Anosmia and COVID-19 Infection: Analysis of Data From a Self-Assessment Web Application.,2020-06-17,Journal of medical Internet research,NCT04331171,Abstract,2020-03-17,2020-11-15,Observational [Patient Registry],Epidemiological Observation From a Smartphone Self-monitoring Application for Suspected COVID-19 Patients' Triage,Completed,NA,Weprom,NA,https://pubmed.ncbi.nlm.nih.gov/32496206,https://clinicaltrials.gov/ct2/show/NCT04331171,3,0,3,0,4,0,France,0,web application users
32564693,"Journal Article|Multicenter Study|Observational Study|Research Support, Non-U.S. Gov't",Angiotensin Receptor Antagonists|Angiotensin-Converting Enzyme Inhibitors|NA,"Adolescent|Adult|Age Distribution|Age Factors|Aged|Aged, 80 and over|Angiotensin Receptor Antagonists|Angiotensin-Converting Enzyme Inhibitors|Betacoronavirus|COVID-19|Coronavirus Infections|Cross-Sectional Studies|Female|Humans|Hypertension|Italy|Male|Middle Aged|Multimorbidity|Pandemics|Pneumonia, Viral|Prognosis|Renin-Angiotensin System|SARS-CoV-2|Societies, Medical|Survival Rate|Young Adult|NA",Age and Multimorbidity Predict Death Among COVID-19 Patients: Results of the SARS-RAS Study of the Italian Society of Hypertension.,2020-07-20,"Hypertension (Dallas, Tex. : 1979)",NCT04331574,Abstract,2020-03-10,2020-04-10,Observational [Patient Registry],Renin-Angiotensin System Inhibitors and COVID-19,Recruiting,NA,Societa Italiana dell'Ipertensione Arteriosa,NA,https://pubmed.ncbi.nlm.nih.gov/32564693,https://clinicaltrials.gov/ct2/show/NCT04331574,2,0,2,0,0,0,Italy,0,"NA"
32602006,"Journal Article|Research Support, Non-U.S. Gov't","Peptidyl-Dipeptidase A|ACE2 protein, human|Angiotensin-Converting Enzyme 2|NA","Acute Kidney Injury|Aged|Aged, 80 and over|Angiotensin-Converting Enzyme 2|Betacoronavirus|COVID-19|Coronavirus Infections|Female|Glomerular Filtration Rate|Humans|Male|Middle Aged|Pandemics|Peptidyl-Dipeptidase A|Pneumonia, Viral|Registries|Risk Assessment|SARS-CoV-2|NA",Impact of renal function on admission in COVID-19 patients: an analysis of the international HOPE COVID-19 (Health Outcome Predictive Evaluation for COVID 19) Registry.,2020-08-10,Journal of nephrology,NCT04334291,Abstract,2020-03-23,2020-05-01,Observational [Patient Registry],"International COVID19 Clinical Evaluation Registry,",Completed,NA,"St Carlos Hospital, Madrid, Spain",NA,https://pubmed.ncbi.nlm.nih.gov/32602006,https://clinicaltrials.gov/ct2/show/NCT04334291,6,6,12,0,3,0,Spain,0,observational
32677025,"Journal Article|Research Support, Non-U.S. Gov't", ,"Adolescent|Adult|Aged|Betacoronavirus|COVID-19|Communicable Disease Control|Coronavirus Infections|Cross-Sectional Studies|Female|Health Policy|Humans|Hungary|Male|Middle Aged|Pandemics|Pneumonia, Viral|Prevalence|SARS-CoV-2|Social Isolation|Surveys and Questionnaires|Young Adult|NA","Novel coronavirus epidemic in the Hungarian population, a cross-sectional nationwide survey to support the exit policy in Hungary.",2020-08-17,GeroScience,NCT04370067,Abstract,2020-05-01,2021-05-01,Observational [Patient Registry],HUNgarian COronaVirus Disease-19 Epidemiological Research,Recruiting,NA,Semmelweis University Heart and Vascular Center,NA,https://pubmed.ncbi.nlm.nih.gov/32677025,https://clinicaltrials.gov/ct2/show/NCT04370067,1,0,1,0,2,0,Hungary,0,"NA"
32728965,"Journal Article|Multicenter Study|Observational Study|Research Support, Non-U.S. Gov't", ,"Adult|Analysis of Variance|COVID-19|Correlation of Data|Female|Humans|Male|Middle Aged|Proportional Hazards Models|Prospective Studies|Respiration, Artificial|Respiratory Distress Syndrome|Severity of Illness Index|Spain|Statistics, Nonparametric|NA","Clinical features, ventilatory management, and outcome of ARDS caused by COVID-19 are similar to other causes of ARDS.",2020-12-23,Intensive care medicine,NCT04368975,Abstract,2020-03-12,2020-04-21,Observational [Patient Registry],ARDS Caused by COVID-19,Recruiting,NA,Hospital Clinic of Barcelona,NA,https://pubmed.ncbi.nlm.nih.gov/32728965,https://clinicaltrials.gov/ct2/show/NCT04368975,1,0,1,0,0,0,Spain,0,"NA"
32776309,Clinical Trial|Journal Article|Multicenter Study, ,"Adult|COVID-19|COVID-19 Nucleic Acid Testing|Cesarean Section|Female|Humans|Infant, Low Birth Weight|Infant, Newborn|Infant, Premature|Infectious Disease Transmission, Vertical|Intensive Care, Neonatal|Male|Pregnancy|Pregnancy Complications, Infectious|Pregnancy Outcome|Premature Birth|Prognosis|Prospective Studies|Turkey|NA",A multicenter study on epidemiological and clinical characteristics of 125 newborns born to women infected with COVID-19 by Turkish Neonatal Society.,2021-03-01,European journal of pediatrics,NCT04401540,Abstract,2020-05-01,2020-10-30,Observational [Patient Registry],Characteristics of Neonatal Covid-19 in Turkey,Recruiting,NA,Recep Tayyip Erdogan University Training and Research Hospital,NA,https://pubmed.ncbi.nlm.nih.gov/32776309,https://clinicaltrials.gov/ct2/show/NCT04401540,1,3,4,0,2,0,Turkey,0,"NA"
32788120,Journal Article,"Anticoagulants|Biomarkers|Heparin, Low-Molecular-Weight|Factor Xa|NA","Aged|Anticoagulants|Biomarkers|COVID-19|Clinical Protocols|Critical Illness|Databases, Factual|Drug Monitoring|Factor Xa|Female|Heparin, Low-Molecular-Weight|Humans|Intensive Care Units|Longitudinal Studies|Male|Middle Aged|Retrospective Studies|Risk Factors|Treatment Outcome|Venous Thromboembolism|NA",Impact of implementation of an individualised thromboprophylaxis protocol in critically ill ICU patients with COVID-19: A longitudinal controlled before-after study.,2020-12-10,Thrombosis research,NCT04394000,Abstract,2020-05-04,2020-05-15,Observational [Patient Registry],Impact of an Intensified Thromboprofylaxis Protocol in COVID-19,Completed,NA,Jessa Hospital,NA,https://pubmed.ncbi.nlm.nih.gov/32788120,https://clinicaltrials.gov/ct2/show/NCT04394000,1,0,1,0,0,0,Belgium,0,thromboprofylaxis protocol|standard care
32790733,Journal Article|Multicenter Study|Observational Study,"Antibodies, Monoclonal, Humanized|Antimalarials|IL6 protein, human|Interleukin-6|Hydroxychloroquine|Azithromycin|tocilizumab|NA","Adolescent|Adult|Aged|Aged, 80 and over|Antibodies, Monoclonal, Humanized|Antimalarials|Azithromycin|Betacoronavirus|COVID-19|Child|Child, Preschool|Coronavirus Infections|Drug Therapy, Combination|Female|Follow-Up Studies|Hospitalization|Humans|Hydroxychloroquine|Infant|Infant, Newborn|Intensive Care Units|Interleukin-6|Kaplan-Meier Estimate|Male|Middle Aged|Pandemics|Pneumonia, Viral|Retrospective Studies|SARS-CoV-2|Treatment Outcome|Young Adult|NA",Hydroxychloroquine and tocilizumab therapy in COVID-19 patients-An observational study.,2020-08-28,PloS one,NCT04347993,Abstract,2020-03-27,2022-03-31,Observational [Patient Registry],"A Prospective ""Universal"" Observational Database for COVID-19",Recruiting,NA,Hackensack Meridian Health,NA,https://pubmed.ncbi.nlm.nih.gov/32790733,https://clinicaltrials.gov/ct2/show/NCT04347993,2,0,2,0,2,1,United States,0,"NA"
32838323,Journal Article, , ,Tocilizumab among patients with COVID-19 in the intensive care unit: a multicentre observational study.,2020-09-28,The Lancet. Rheumatology,NCT04347993,Abstract,2020-03-27,2022-03-31,Observational [Patient Registry],"A Prospective ""Universal"" Observational Database for COVID-19",Recruiting,NA,Hackensack Meridian Health,NA,https://pubmed.ncbi.nlm.nih.gov/32838323,https://clinicaltrials.gov/ct2/show/NCT04347993,2,0,2,0,2,1,United States,0,"NA"
32989425,Journal Article, , ,"Health Outcome Predictive Evaluation for COVID 19 international registry (HOPE COVID-19), rationale and design.",2020-10-07,Contemporary clinical trials communications,NCT04334291,Abstract,2020-03-23,2020-05-01,Observational [Patient Registry],"International COVID19 Clinical Evaluation Registry,",Completed,NA,"St Carlos Hospital, Madrid, Spain",NA,https://pubmed.ncbi.nlm.nih.gov/32989425,https://clinicaltrials.gov/ct2/show/NCT04334291,6,6,12,0,3,0,Spain,0,observational
33006086,Journal Article, , ,Creating a safe workplace by universal testing of SARS-CoV-2 infection in asymptomatic patients and healthcare workers in the electrophysiology units: a multi-center experience.,2020-10-04,Journal of interventional cardiac electrophysiology : an international journal of arrhythmias and pacing,NCT04352764,Abstract,2020-03-27,2020-12-31,Observational [Patient Registry],ANTIBODY BASED TESTS FOR SARSCoV-2 COVID-19) - Evaluation of Patients and Healthcare Providers in the Confines of Healthcare Settings,Recruiting,NA,Texas Cardiac Arrhythmia Research Foundation,NA,https://pubmed.ncbi.nlm.nih.gov/33006086,https://clinicaltrials.gov/ct2/show/NCT04352764,1,0,1,0,2,1,United States,0,igm/igg rapid test|igg antibody test|igm
33022004,"Clinical Trial|Journal Article|Multicenter Study|Observational Study|Research Support, Non-U.S. Gov't", ,"Adolescent|Adult|Aged|Aged, 80 and over|Betacoronavirus|COVID-19|Coronavirus Infections|Cross-Sectional Studies|Female|Heart Failure|Humans|Hypertension|Intensive Care Units|Italy|Male|Middle Aged|Obesity|Pandemics|Patient Admission|Pneumonia, Viral|Renal Insufficiency, Chronic|Risk Factors|SARS-CoV-2|Severity of Illness Index|Sex Factors|Young Adult|NA",Gender differences in predictors of intensive care units admission among COVID-19 patients: The results of the SARS-RAS study of the Italian Society of Hypertension.,2020-10-27,PloS one,NCT04331574,Abstract,2020-03-10,2020-04-10,Observational [Patient Registry],Renin-Angiotensin System Inhibitors and COVID-19,Recruiting,NA,Societa Italiana dell'Ipertensione Arteriosa,NA,https://pubmed.ncbi.nlm.nih.gov/33022004,https://clinicaltrials.gov/ct2/show/NCT04331574,2,0,2,0,0,0,Italy,0,"NA"
33027186,"Journal Article|Observational Study|Research Support, N.I.H., Extramural|Research Support, Non-U.S. Gov't", ,"Adult|Betacoronavirus|COVID-19|Coronavirus Infections|Female|Humans|Pandemics|Pneumonia, Viral|Pregnancy|Pregnancy Complications, Infectious|Prospective Studies|Risk Factors|SARS-CoV-2|Symptom Assessment|United States|Young Adult|NA",Clinical Presentation of Coronavirus Disease 2019 (COVID-19) in Pregnant and Recently Pregnant People.,2020-12-01,Obstetrics and gynecology,NCT04323839,Abstract,2020-03-20,2024-03-31,Observational [Patient Registry],COVID-19 PRIORITY (Pregnancy CoRonavIrus Outcomes RegIsTrY),Enrolling by invitation,NA,"University of California, San Francisco",NA,https://pubmed.ncbi.nlm.nih.gov/33027186,https://clinicaltrials.gov/ct2/show/NCT04323839,1,0,1,0,4,1,United States,0,pregnant women under investigation for coronavirus/diagnosed with covid-19|postpartum women under investigation for coronavirus/diagnosed with covid-19|pregnant women under investigation for coronavirus|diagnosed with covid-19|postpartum
33072814,Journal Article, , ,Prolonged Low-Dose Methylprednisolone in Patients With Severe COVID-19 Pneumonia.,2021-04-28,Open forum infectious diseases,NCT04323592,Abstract,2020-03-23,2020-05-10,Observational [Patient Registry],Methylprednisolone for Patients With COVID-19 Severe Acute Respiratory Syndrome,Completed,NA,University of Trieste,NA,https://pubmed.ncbi.nlm.nih.gov/33072814,https://clinicaltrials.gov/ct2/show/NCT04323592,1,0,1,0,6,0,Italy,1,methylprednisolone|standard care
33138974,Journal Article|Multicenter Study|Observational Study, ,COVID-19|Critical Illness|Humans|Intensive Care Units|Male|Mexico|Middle Aged|SARS-CoV-2|NA,Outcomes of patients with COVID-19 in the intensive care unit in Mexico: A multicenter observational study.,2020-12-21,Heart &amp; lung : the journal of critical care,NCT04336345,Abstract,2020-04-01,2020-04-30,Observational [Patient Registry],Outcomes of Patients With COVID-19 in the Intensive Care Unit,Completed,NA,Instituto Nacional de Ciencias Medicas y Nutricion Salvador Zubiran,NA,https://pubmed.ncbi.nlm.nih.gov/33138974,https://clinicaltrials.gov/ct2/show/NCT04336345,1,0,1,0,6,0,Mexico,0,"NA"
33147165,Journal Article|Observational Study, ,"COVID-19|Coronavirus Infections|Emergency Service, Hospital|France|Hospitalization|Humans|Pandemics|Pneumonia, Viral|Self Care|Software|Surveys and Questionnaires|Telephone|Triage|NA",Implementation of a Self-Triage Web Application for Suspected COVID-19 and Its Impact on Emergency Call Centers: Observational Study.,2020-12-01,Journal of medical Internet research,NCT04331171,Abstract,2020-03-17,2020-11-15,Observational [Patient Registry],Epidemiological Observation From a Smartphone Self-monitoring Application for Suspected COVID-19 Patients' Triage,Completed,NA,Weprom,NA,https://pubmed.ncbi.nlm.nih.gov/33147165,https://clinicaltrials.gov/ct2/show/NCT04331171,3,0,3,0,4,0,France,0,web application users
33165755,Journal Article, , ,"Mortality risk assessment in Spain and Italy, insights of the HOPE COVID-19 registry.",2020-11-13,Internal and emergency medicine,NCT04334291,Abstract,2020-03-23,2020-05-01,Observational [Patient Registry],"International COVID19 Clinical Evaluation Registry,",Completed,NA,"St Carlos Hospital, Madrid, Spain",NA,https://pubmed.ncbi.nlm.nih.gov/33165755,https://clinicaltrials.gov/ct2/show/NCT04334291,6,6,12,0,3,0,Spain,0,observational
33184088,"Journal Article|Research Support, Non-U.S. Gov't", ,"Betacoronavirus|COVID-19|Checklist|Confusion|Coronavirus Infections|Delphi Technique|Disease Progression|Dyspnea|Early Warning Score|Fever|Heart Rate|Humans|Hypoxia|Myalgia|Pandemics|Pneumonia, Viral|Qualitative Research|Risk Assessment|Risk Factors|SARS-CoV-2|Telemedicine|Time Factors|United Kingdom|NA",What items should be included in an early warning score for remote assessment of suspected COVID-19? qualitative and Delphi study.,2020-11-19,BMJ open,NCT04435041,Abstract,2020-06-01,2021-05-31,Observational [Patient Registry],Remote-by-Default Care in the COVID-19 Pandemic,"Active, not recruiting",NA,University of Oxford,NA,https://pubmed.ncbi.nlm.nih.gov/33184088,https://clinicaltrials.gov/ct2/show/NCT04435041,2,0,2,0,0,0,United Kingdom,0,"NA"
33329400,Journal Article, ,"Aged|COVID-19|Female|Follow-Up Studies|Global Health|Hospital Mortality|Hospitalization|Humans|Hypernatremia|Hyponatremia|Male|Middle Aged|Outcome Assessment, Health Care|Prognosis|Registries|Retrospective Studies|SARS-CoV-2|Survival Rate|NA",Prognostic Impact of Hyponatremia and Hypernatremia in COVID-19 Pneumonia. A HOPE-COVID-19 (Health Outcome Predictive Evaluation for COVID-19) Registry Analysis.,2021-01-04,Frontiers in endocrinology,NCT04334291,Abstract,2020-03-23,2020-05-01,Observational [Patient Registry],"International COVID19 Clinical Evaluation Registry,",Completed,NA,"St Carlos Hospital, Madrid, Spain",NA,https://pubmed.ncbi.nlm.nih.gov/33329400,https://clinicaltrials.gov/ct2/show/NCT04334291,6,6,12,0,3,0,Spain,0,observational
33342437,Journal Article, ,Adult|Aged|COVID-19|Female|Focus Groups|Health Personnel|Health Services Research|Hospitalization|Humans|Male|Middle Aged|Qualitative Research|Quality of Health Care|Time Factors|United Kingdom|NA,Persistent symptoms after Covid-19: qualitative study of 114 &quot;long Covid&quot; patients and draft quality principles for services.,2020-12-22,BMC health services research,NCT04435041,Abstract,2020-06-01,2021-05-31,Observational [Patient Registry],Remote-by-Default Care in the COVID-19 Pandemic,"Active, not recruiting",NA,University of Oxford,NA,https://pubmed.ncbi.nlm.nih.gov/33342437,https://clinicaltrials.gov/ct2/show/NCT04435041,2,0,2,0,0,0,United Kingdom,0,"NA"
33403367,Journal Article, , ,Predicting severe COVID-19 in the Emergency Department.,2021-01-11,Resuscitation plus,NCT04345536,Abstract,2020-03-15,2022-01-01,Observational [Patient Registry],Prospective Quality Register of Patients With Confirmed Covid-19 at Oslo University Hospital,Recruiting,NA,Oslo University Hospital,NA,https://pubmed.ncbi.nlm.nih.gov/33403367,https://clinicaltrials.gov/ct2/show/NCT04345536,1,0,1,0,1,0,Norway,0,"NA"
33524462,Journal Article|Observational Study,Hydroxychloroquine|Azithromycin|NA,"Adult|Arrhythmias, Cardiac|Artificial Intelligence|Azithromycin|COVID-19|Electrocardiography|Female|Humans|Hydroxychloroquine|Long QT Syndrome|Male|Middle Aged|Pandemics|NA",Smartwatch Electrocardiogram and Artificial Intelligence for Assessing Cardiac-Rhythm Safety of Drug Therapy in the COVID-19 Pandemic. The QT-logs study.,2021-04-23,International journal of cardiology,NCT04371744,Abstract,2020-04-17,2020-06-04,Observational [Patient Registry],QT-Logs : Artificial Intelligence for QT Interval Analysis of ECG From Smartwatches in Patient Receiving Treatment for Covid-19,Completed,NA,Assistance Publique Hopitaux De Marseille,NA,https://pubmed.ncbi.nlm.nih.gov/33524462,https://clinicaltrials.gov/ct2/show/NCT04371744,1,0,1,0,1,0,France,0,"NA"
33555436,Comparative Study|Journal Article|Multicenter Study|Observational Study,Antiviral Agents|NA,"Adult|Age Factors|Aged|Aged, 80 and over|Aging|Antiviral Agents|COVID-19|Comorbidity|Female|Humans|Male|Middle Aged|Registries|Retrospective Studies|SARS-CoV-2|Treatment Outcome|Young Adult|NA","Clinical presentation, therapeutic approach, and outcome of young patients admitted for COVID-19, with respect to the elderly counterpart.",2021-04-26,Clinical and experimental medicine,NCT04334291,Abstract,2020-03-23,2020-05-01,Observational [Patient Registry],"International COVID19 Clinical Evaluation Registry,",Completed,NA,"St Carlos Hospital, Madrid, Spain",NA,https://pubmed.ncbi.nlm.nih.gov/33555436,https://clinicaltrials.gov/ct2/show/NCT04334291,6,6,12,0,3,0,Spain,0,observational
33567087,"Journal Article|Research Support, Non-U.S. Gov't","Antibodies, Viral|NA","Adult|Antibodies, Viral|Arizona|COVID-19|COVID-19 Serological Testing|Female|Health Personnel|Humans|Male|Middle Aged|Prospective Studies|Retrospective Studies|Rural Population|SARS-CoV-2|Seroepidemiologic Studies|Socioeconomic Factors|NA",The seroprevalence of SARS-CoV-2 in a rural southwest community.,2021-02-22,Journal of osteopathic medicine,NCT04533360,Abstract,2020-09-28,2020-10-09,Observational [Patient Registry],Prevalence of COVID-19 Antibodies Kingman AZ,Enrolling by invitation,NA,Kingman Regional Medical Center,NA,https://pubmed.ncbi.nlm.nih.gov/33567087,https://clinicaltrials.gov/ct2/show/NCT04533360,1,0,1,0,3,1,United States,0,vitros anti-sars-cov-2 igg test
33573885,Journal Article, , ,Assessing the impact of COVID-19 on the health of geriatric patients: The European GeroCovid Observational Study.,2021-05-04,European journal of internal medicine,NCT04379440,Abstract,2020-04-25,2020-09-30,Observational [Patient Registry],Geriatric Population COVID-19 Observational Study (GEROCOVIDobs),Recruiting,NA,Campus Bio-Medico University,NA,https://pubmed.ncbi.nlm.nih.gov/33573885,https://clinicaltrials.gov/ct2/show/NCT04379440,1,0,1,0,0,0,Italy,0,"NA"
33592888,Journal Article, ,Adult|COVID-19|Digestive System Diseases|Digestive System Surgical Procedures|Emergencies|Emergency Treatment|Female|Humans|Incidence|Infection Control|Male|Mortality|Multicenter Studies as Topic|Observational Studies as Topic|Postoperative Complications|Research Design|Risk Assessment|Time-to-Treatment|NA,Postoperative complications and mortality following emergency digestive surgery during the COVID-19 pandemic: A multicenter collaborative retrospective cohort study protocol (COVID-CIR).,2021-02-22,Medicine,NCT04479150,Abstract,2020-03-01,2020-08-31,Observational [Patient Registry],Complications and Mortality Following Emergency Digestive Surgery During the COVID-19 Pandemic,Completed,NA,Hospital Universitari de Bellvitge,NA,https://pubmed.ncbi.nlm.nih.gov/33592888,https://clinicaltrials.gov/ct2/show/NCT04479150,1,0,1,0,2,0,Spain,0,"NA"
33597145,"Journal Article|Observational Study|Research Support, Non-U.S. Gov't",Angiotensin Receptor Antagonists|NA,"Adult|Aged|Aged, 80 and over|Angiotensin Receptor Antagonists|COVID-19|Case-Control Studies|Diabetes Mellitus, Type 2|Female|Hospitalization|Humans|Hypertension|Male|Middle Aged|Obesity|Renal Insufficiency, Chronic|Respiration, Artificial|Risk Factors|Young Adult|NA",Association between cardiometabolic disease and severe COVID-19: a nationwide case-control study of patients requiring invasive mechanical ventilation.,2021-02-25,BMJ open,NCT04426084,Abstract,2020-03-01,2020-05-11,Observational [Patient Registry],Cardiovascular Risk Factors and Severe COVID-19. A Nationwide Registry-based Case-Control Study,"Active, not recruiting",NA,Karolinska Institutet,NA,https://pubmed.ncbi.nlm.nih.gov/33597145,https://clinicaltrials.gov/ct2/show/NCT04426084,1,0,1,0,0,0,Sweden,0,hypertension|diabetes type 2|obesity|antihypertensives|statins
33694071,Journal Article, , ,Impact of the Early Phase of the COVID-19 Pandemic on US Healthcare Workers: Results from the HERO Registry.,2021-03-25,Journal of general internal medicine,NCT04342806,Abstract,2020-04-10,2099-12-31,Observational [Patient Registry],"Healthcare Worker Exposure Response and Outcomes (HERO) Registry Study, COVID-19",Recruiting,NA,Duke University,NA,https://pubmed.ncbi.nlm.nih.gov/33694071,https://clinicaltrials.gov/ct2/show/NCT04342806,1,0,1,0,3,1,United States,0,"NA"
33709945,Journal Article|Observational Study, ,COVID-19|France|Humans|Internet|Mobile Applications|Pandemics|SARS-CoV-2|Self-Assessment|Triage|NA,A Self-Assessment Web-Based App to Assess Trends of the COVID-19 Pandemic in France: Observational Study.,2021-04-07,Journal of medical Internet research,NCT04331171,Abstract,2020-03-17,2020-11-15,Observational [Patient Registry],Epidemiological Observation From a Smartphone Self-monitoring Application for Suspected COVID-19 Patients' Triage,Completed,NA,Weprom,NA,https://pubmed.ncbi.nlm.nih.gov/33709945,https://clinicaltrials.gov/ct2/show/NCT04331171,3,0,3,0,4,0,France,0,web application users
33727235,Journal Article, , ,Non-invasive ventilation for SARS-CoV-2 acute respiratory failure: a subanalysis from the HOPE COVID-19 registry.,2021-03-20,Emergency medicine journal : EMJ,NCT04334291,Abstract,2020-03-23,2020-05-01,Observational [Patient Registry],"International COVID19 Clinical Evaluation Registry,",Completed,NA,"St Carlos Hospital, Madrid, Spain",NA,https://pubmed.ncbi.nlm.nih.gov/33727235,https://clinicaltrials.gov/ct2/show/NCT04334291,6,6,12,0,3,0,Spain,0,observational
33731427,"Journal Article|Research Support, Non-U.S. Gov't", ,"COVID-19|Canada|Data Accuracy|Data Collection|Data Management|Emergency Medicine|Emergency Service, Hospital|Evidence-Based Emergency Medicine|Follow-Up Studies|Humans|Information Storage and Retrieval|Patient Reported Outcome Measures|Prospective Studies|Quality of Life|Registries|Retrospective Studies|SARS-CoV-2|Telephone|NA",Development of the Canadian COVID-19 Emergency Department Rapid Response Network population-based registry: a methodology study.,2021-03-25,CMAJ open,NCT04702945,Abstract,2020-03-01,2022-12-31,Observational [Patient Registry],Canadian COVID-19 Emergency Department Registry,Recruiting,NA,University of British Columbia,NA,https://pubmed.ncbi.nlm.nih.gov/33731427,https://clinicaltrials.gov/ct2/show/NCT04702945,1,0,1,0,0,0,Canada,0,"NA"
33746047,Journal Article, , ,Association of clinical factors and recent anticancer therapy with COVID-19 severity among patients with cancer: a report from the COVID-19 and Cancer Consortium.,2021-04-17,Annals of oncology : official journal of the European Society for Medical Oncology,NCT04354701,Abstract,2020-03-17,2021-12-31,Observational [Patient Registry],COVID-19 and Cancer Consortium Registry,Recruiting,NA,Vanderbilt-Ingram Cancer Center,NA,https://pubmed.ncbi.nlm.nih.gov/33746047,https://clinicaltrials.gov/ct2/show/NCT04354701,2,0,2,0,4,1,United States,0,web-based redcap survey
33878018,Journal Article, , ,Analysis of COVID-19 Transmission Sources in France by Self-Assessment Before and After the Partial Lockdown: Observational Study.,2021-05-06,Journal of medical Internet research,NCT04670003,Abstract,2021-01-02,2021-03-30,Observational [Patient Registry],Spread Analysis of COVID-19 Outbreak in France by Self-assessment Web-application,Completed,NA,Weprom,NA,https://pubmed.ncbi.nlm.nih.gov/33878018,https://clinicaltrials.gov/ct2/show/NCT04670003,1,0,1,0,1,0,France,0,users
33880438,Journal Article, , ,Longitudinal assessment of symptoms and risk of SARS-CoV-2 infection in healthcare workers across 5 hospitals to understand ethnic differences in infection risk.,2021-05-04,EClinicalMedicine,NCT04318314,Abstract,2020-03-18,2020-12-31,Observational [Patient Registry],COVID-19: Healthcare Worker Bioresource: Immune Protection and Pathogenesis in SARS-CoV-2,Recruiting,NA,"University College, London",NA,https://pubmed.ncbi.nlm.nih.gov/33880438,https://clinicaltrials.gov/ct2/show/NCT04318314,1,0,1,0,2,0,United Kingdom,0,copan swabbing/blood sample collection|copan swabbing|blood sample
33909588,Journal Article, , ,Cognitive Outcomes during COVID-19 confiNemeNt in Elderly and their Caregivers using Technologies for DEMentia (CONNECT DEM): study protocol.,2021-04-28,JMIR research protocols,NCT04385797,Abstract,2020-05-04,2020-12-31,Observational [Patient Registry],Cognitive Outcomes During COVID-19 confiNemeNt in Elderly and Their Caregivers Using Technologies for DEMentia,"Active, not recruiting",NA,FundaciÃ³n PÃºblica Andaluza para la InvestigaciÃ³n de MÃ¡laga en Biomedicina y Salud,NA,https://pubmed.ncbi.nlm.nih.gov/33909588,https://clinicaltrials.gov/ct2/show/NCT04385797,1,0,1,0,3,0,Spain,0,telephone interview
33956667,Journal Article, , ,One dose of SARS-CoV-2 vaccine exponentially increases antibodies in recovered individuals with symptomatic COVID-19.,2021-05-06,The Journal of clinical investigation,NCT04387929,Abstract,2020-05-04,2021-05-30,Observational [Patient Registry],Detection of Anti-COVID-19 Antibody Levels in an Hospital Population,Recruiting,NA,Istituto Clinico Humanitas,NA,https://pubmed.ncbi.nlm.nih.gov/33956667,https://clinicaltrials.gov/ct2/show/NCT04387929,1,0,1,0,1,0,Italy,0,antibody test
21475695,Journal Article, , ,An overview of sarcopenia: facts and numbers on prevalence and clinical impact.,2021-03-10,"Journal of cachexia, sarcopenia and muscle",NCT04780126,Registry,2021-02-26,2021-04-30,Observational [Patient Registry],Sarco-COVID Study: Measuring the Loss of Skeletal Muscle Mass in the Hospitalized Patient With the Diagnosis of COVID-19,Recruiting,NA,Fundacion para la Investigacion Biomedica del Hospital Universitario la Paz,NA,https://pubmed.ncbi.nlm.nih.gov/21475695,https://clinicaltrials.gov/ct2/show/NCT04780126,0,6,6,0,0,0,Spain,0,sarcopenia diagnosis
30127696,Journal Article, , ,Implementation of Home Hospitalization and Early Discharge as an Integrated Care Service: A Ten Years Pragmatic Assessment.,2020-09-30,International journal of integrated care,NCT04503434,Registry,2020-05-15,2020-05-31,Observational [Patient Registry],Patients' Experiences in a Medicalized Hotel for COVID-19 Acute Care Support,Completed,NA,Hospital Clinic of Barcelona,NA,https://pubmed.ncbi.nlm.nih.gov/30127696,https://clinicaltrials.gov/ct2/show/NCT04503434,0,3,3,0,0,0,Spain,0,"NA"
30863805,Journal Article, , ,Gangrenous cholecystitis in male patients: A study of prevalence and predictive risk factors.,2020-10-01,Annals of hepato-biliary-pancreatic surgery,NCT04542512,Registry,2020-10-01,2021-09-30,Observational [Patient Registry],Risk Factors for Necrotic Cholecystitis During COVID-19 Pandemic.,Recruiting,NA,Poissy-Saint Germain Hospital,NA,https://pubmed.ncbi.nlm.nih.gov/30863805,https://clinicaltrials.gov/ct2/show/NCT04542512,0,6,6,0,4,0,France,0,"NA"
31024197,Journal Article, , ,A/H1N1/09 Influenza is Associated With High Mortality in Liver Cirrhosis.,2020-09-28,Journal of clinical and experimental hepatology,NCT04668404,Registry,2020-08-24,2021-01-01,Observational [Patient Registry],Study of Coagulation Profile and Role of Heparin Like Effect in Patients With COVID-19,Recruiting,NA,Postgraduate Institute of Medical Education and Research,NA,https://pubmed.ncbi.nlm.nih.gov/31024197,https://clinicaltrials.gov/ct2/show/NCT04668404,0,12,12,0,0,0,India,0,sonoclot
31077821,Journal Article, , ,"Heparin-like Effect Associated With Risk of Bleeding, Sepsis, and Death in Patients With Severe Alcohol-Associated Hepatitis.",2020-10-19,Clinical gastroenterology and hepatology : the official clinical practice journal of the American Gastroenterological Association,NCT04668404,Registry,2020-08-24,2021-01-01,Observational [Patient Registry],Study of Coagulation Profile and Role of Heparin Like Effect in Patients With COVID-19,Recruiting,NA,Postgraduate Institute of Medical Education and Research,NA,https://pubmed.ncbi.nlm.nih.gov/31077821,https://clinicaltrials.gov/ct2/show/NCT04668404,0,12,12,0,0,0,India,0,sonoclot
31262511,Journal Article, ,Adult|Aged|Cohort Studies|Community-Acquired Infections|Critical Illness|Disease Susceptibility|Female|Hematopoietic Stem Cell Transplantation|Humans|Immunocompromised Host|Immunosuppression|Male|Middle Aged|Organ Transplantation|Republic of Korea|Respiratory Tract Infections|Retrospective Studies|Risk Factors|Transplant Recipients|NA,Characteristics of community-acquired respiratory viruses infections except seasonal influenza in transplant recipients and non-transplant critically ill patients.,2021-04-29,"Journal of microbiology, immunology, and infection = Wei mian yu gan ran za zhi",NCT04511429,Registry,2020-06-30,2020-10-31,Observational [Patient Registry],COVID-19 in Immunosuppressed Children,Recruiting,NA,D'Or Institute for Research and Education,NA,https://pubmed.ncbi.nlm.nih.gov/31262511,https://clinicaltrials.gov/ct2/show/NCT04511429,0,9,9,0,0,0,Brazil,0,"NA"
31406926,Journal Article, , ,Noninvasive estimation of intravascular volume status in cirrhosis by dynamic size and collapsibility indices of the inferior vena cava using bedside echocardiography.,2020-09-30,JGH open : an open access journal of gastroenterology and hepatology,NCT04668404,Registry,2020-08-24,2021-01-01,Observational [Patient Registry],Study of Coagulation Profile and Role of Heparin Like Effect in Patients With COVID-19,Recruiting,NA,Postgraduate Institute of Medical Education and Research,NA,https://pubmed.ncbi.nlm.nih.gov/31406926,https://clinicaltrials.gov/ct2/show/NCT04668404,0,12,12,0,0,0,India,0,sonoclot
32077789,Journal Article, ,"Adolescent|Adult|Aged|Aged, 80 and over|Betacoronavirus|COVID-19|Coronavirus Infections|Female|Humans|Lung|Lung Diseases|Male|Middle Aged|Pandemics|Pneumonia, Viral|Radiography, Thoracic|Retrospective Studies|SARS-CoV-2|Tomography, X-Ray Computed|Young Adult|NA",Chest CT Findings in Coronavirus Disease-19 (COVID-19): Relationship to Duration of Infection.,2020-05-21,Radiology,NCT04661631,Registry,2020-05-08,2021-07-31,Observational [Patient Registry],Surgery and Lung Ultrasound in COVID-19 Infection,Recruiting,NA,Fundacion Clinica Valle del Lili,NA,https://pubmed.ncbi.nlm.nih.gov/32077789,https://clinicaltrials.gov/ct2/show/NCT04661631,0,30,30,0,1,0,Colombia,0,lung ultrasound
32091533,"Journal Article|Research Support, Non-U.S. Gov't", ,"Betacoronavirus|COVID-19|China|Communicable Disease Control|Coronavirus Infections|Disease Outbreaks|Humans|Pandemics|Patient Acuity|Pneumonia, Viral|SARS-CoV-2|Severe Acute Respiratory Syndrome|World Health Organization|NA",Characteristics of and Important Lessons From the Coronavirus Disease 2019 (COVID-19) Outbreak in China: Summary of a Report of 72â€¯314 Cases From the Chinese Center for Disease Control and Prevention.,2020-09-22,JAMA,NCT04661631,Registry,2020-05-08,2021-07-31,Observational [Patient Registry],Surgery and Lung Ultrasound in COVID-19 Infection,Recruiting,NA,Fundacion Clinica Valle del Lili,NA,https://pubmed.ncbi.nlm.nih.gov/32091533,https://clinicaltrials.gov/ct2/show/NCT04661631,0,30,30,0,1,0,Colombia,0,lung ultrasound
32101510,Comparative Study|Journal Article, ,"Adolescent|Adult|Aged|Betacoronavirus|COVID-19|COVID-19 Testing|Child|Child, Preschool|China|Clinical Laboratory Techniques|Coronavirus Infections|Female|Follow-Up Studies|Humans|Male|Middle Aged|Pandemics|Pneumonia, Viral|Reproducibility of Results|Retrospective Studies|Reverse Transcriptase Polymerase Chain Reaction|SARS-CoV-2|Sensitivity and Specificity|Tomography, X-Ray Computed|Young Adult|NA",Correlation of Chest CT and RT-PCR Testing for Coronavirus Disease 2019 (COVID-19) in China: A Report of 1014 Cases.,2020-07-31,Radiology,NCT04661631,Registry,2020-05-08,2021-07-31,Observational [Patient Registry],Surgery and Lung Ultrasound in COVID-19 Infection,Recruiting,NA,Fundacion Clinica Valle del Lili,NA,https://pubmed.ncbi.nlm.nih.gov/32101510,https://clinicaltrials.gov/ct2/show/NCT04661631,0,30,30,0,1,0,Colombia,0,lung ultrasound
32103284,Journal Article, ,"Betacoronavirus|COVID-19|Coronavirus|Coronavirus Infections|Critical Care|Decision Making|Humans|Intensive Care Units|Pandemics|Pneumonia, Viral|Practice Guidelines as Topic|SARS-CoV-2|NA",Severe SARS-CoV-2 infections: practical considerations and management strategy for intensivists.,2020-04-03,Intensive care medicine,NCT04611269,Registry,2020-03-20,2020-10-31,Observational [Patient Registry],Clinical Characteristics and Outcomes of Patients With COVID-19 on Mechanical Ventilation in Argentina,Completed,NA,Argentinian Intensive Care Society,NA,https://pubmed.ncbi.nlm.nih.gov/32103284,https://clinicaltrials.gov/ct2/show/NCT04611269,0,7,7,0,3,0,Argentina,0,"NA"
32109013,"Journal Article|Research Support, Non-U.S. Gov't", ,"Adolescent|Adult|Aged|Betacoronavirus|COVID-19|Child|China|Coronavirus Infections|Disease Outbreaks|Female|Fever|Humans|Male|Middle Aged|Pandemics|Patient Acuity|Pneumonia, Viral|SARS-CoV-2|Young Adult|NA",Clinical Characteristics of Coronavirus Disease 2019 in China.,2020-05-05,The New England journal of medicine,NCT04611269,Registry,2020-03-20,2020-10-31,Observational [Patient Registry],Clinical Characteristics and Outcomes of Patients With COVID-19 on Mechanical Ventilation in Argentina,Completed,NA,Argentinian Intensive Care Society,NA,https://pubmed.ncbi.nlm.nih.gov/32109013,https://clinicaltrials.gov/ct2/show/NCT04611269,0,7,7,0,3,0,Argentina,0,"NA"
32134116,"Journal Article|Research Support, Non-U.S. Gov't|Review",Antiviral Agents|COVID-19 Vaccines|Viral Vaccines|NA,"Antiviral Agents|Betacoronavirus|COVID-19|COVID-19 Vaccines|China|Communicable Disease Control|Coronavirus Infections|Humans|Immunization, Passive|Lymphopenia|Middle East Respiratory Syndrome Coronavirus|Pandemics|Pneumonia, Viral|Prevalence|SARS Virus|SARS-CoV-2|Severe Acute Respiratory Syndrome|Survival Analysis|Thrombocytopenia|Viral Vaccines|NA",Unique epidemiological and clinical features of the emerging 2019 novel coronavirus pneumonia (COVID-19) implicate special control measures.,2020-06-30,Journal of medical virology,NCT04661631,Registry,2020-05-08,2021-07-31,Observational [Patient Registry],Surgery and Lung Ultrasound in COVID-19 Infection,Recruiting,NA,Fundacion Clinica Valle del Lili,NA,https://pubmed.ncbi.nlm.nih.gov/32134116,https://clinicaltrials.gov/ct2/show/NCT04661631,0,30,30,0,1,0,Colombia,0,lung ultrasound
32150748,Journal Article, ,"Adult|Betacoronavirus|COVID-19|China|Coronavirus Infections|Female|Humans|Infectious Disease Incubation Period|Male|Middle Aged|Pandemics|Pneumonia, Viral|Retrospective Studies|SARS-CoV-2|NA",The Incubation Period of Coronavirus Disease 2019 (COVID-19) From Publicly Reported Confirmed Cases: Estimation and Application.,2020-05-13,Annals of internal medicine,NCT04661631,Registry,2020-05-08,2021-07-31,Observational [Patient Registry],Surgery and Lung Ultrasound in COVID-19 Infection,Recruiting,NA,Fundacion Clinica Valle del Lili,NA,https://pubmed.ncbi.nlm.nih.gov/32150748,https://clinicaltrials.gov/ct2/show/NCT04661631,0,30,30,0,1,0,Colombia,0,lung ultrasound
32159775,"Journal Article|Multicenter Study|Research Support, Non-U.S. Gov't","RNA, Viral|NA","Adolescent|Adult|Aged|Betacoronavirus|Bronchoalveolar Lavage Fluid|Bronchoscopy|COVID-19|Child|Child, Preschool|China|Coronavirus Infections|Feces|Female|Gene Dosage|Genes, Viral|Humans|Male|Middle Aged|Nose|Open Reading Frames|Pandemics|Pharynx|Pneumonia, Viral|RNA, Viral|Real-Time Polymerase Chain Reaction|SARS-CoV-2|Sputum|Viral Load|Young Adult|NA",Detection of SARS-CoV-2 in Different Types of Clinical Specimens.,2020-09-23,JAMA,NCT04661631,Registry,2020-05-08,2021-07-31,Observational [Patient Registry],Surgery and Lung Ultrasound in COVID-19 Infection,Recruiting,NA,Fundacion Clinica Valle del Lili,NA,https://pubmed.ncbi.nlm.nih.gov/32159775,https://clinicaltrials.gov/ct2/show/NCT04661631,0,30,30,0,1,0,Colombia,0,lung ultrasound
32166346,Letter, ,COVID-19|Epidemics|Humans|Lung|Pneumonia|SARS-CoV-2|Ultrasonography|NA,Findings of lung ultrasonography of novel corona virus pneumonia during the 2019-2020 epidemic.,2021-04-27,Intensive care medicine,NCT04661631,Registry,2020-05-08,2021-07-31,Observational [Patient Registry],Surgery and Lung Ultrasound in COVID-19 Infection,Recruiting,NA,Fundacion Clinica Valle del Lili,NA,https://pubmed.ncbi.nlm.nih.gov/32166346,https://clinicaltrials.gov/ct2/show/NCT04661631,0,30,30,0,1,0,Colombia,0,lung ultrasound
32167524,"Journal Article|Research Support, Non-U.S. Gov't", ,"Adult|Age Factors|Aged|Betacoronavirus|COVID-19|China|Coronavirus Infections|Critical Illness|Female|Humans|Intensive Care Units|Male|Middle Aged|Pandemics|Patient Care Planning|Pneumonia, Viral|Respiratory Distress Syndrome|Retrospective Studies|SARS-CoV-2|NA","Risk Factors Associated With Acute Respiratory Distress Syndrome and Death in Patients With Coronavirus Disease 2019 Pneumonia in Wuhan, China.",2020-09-30,JAMA internal medicine,NCT04611269,Registry,2020-03-20,2020-10-31,Observational [Patient Registry],Clinical Characteristics and Outcomes of Patients With COVID-19 on Mechanical Ventilation in Argentina,Completed,NA,Argentinian Intensive Care Society,NA,https://pubmed.ncbi.nlm.nih.gov/32167524,https://clinicaltrials.gov/ct2/show/NCT04611269,0,7,7,0,3,0,Argentina,0,"NA"
32167524,"Journal Article|Research Support, Non-U.S. Gov't", ,"Adult|Age Factors|Aged|Betacoronavirus|COVID-19|China|Coronavirus Infections|Critical Illness|Female|Humans|Intensive Care Units|Male|Middle Aged|Pandemics|Patient Care Planning|Pneumonia, Viral|Respiratory Distress Syndrome|Retrospective Studies|SARS-CoV-2|NA","Risk Factors Associated With Acute Respiratory Distress Syndrome and Death in Patients With Coronavirus Disease 2019 Pneumonia in Wuhan, China.",2020-09-30,JAMA internal medicine,NCT04661631,Registry,2020-05-08,2021-07-31,Observational [Patient Registry],Surgery and Lung Ultrasound in COVID-19 Infection,Recruiting,NA,Fundacion Clinica Valle del Lili,NA,https://pubmed.ncbi.nlm.nih.gov/32167524,https://clinicaltrials.gov/ct2/show/NCT04661631,0,30,30,0,1,0,Colombia,0,lung ultrasound
32171076,Journal Article,Fibrin Fibrinogen Degradation Products|fibrin fragment D|NA,"Adolescent|Adult|Age Factors|Aged|Aged, 80 and over|Betacoronavirus|COVID-19|COVID-19 Testing|Cardiovascular Diseases|China|Clinical Laboratory Techniques|Cohort Studies|Comorbidity|Coronavirus Infections|Diabetes Complications|Disease Progression|Female|Fibrin Fibrinogen Degradation Products|Humans|Hypertension|Male|Middle Aged|Mortality|Organ Dysfunction Scores|Pandemics|Patient Care Planning|Patient Isolation|Pneumonia, Viral|Prognosis|Retrospective Studies|Risk Assessment|Risk Factors|SARS-CoV-2|Young Adult|NA","Clinical course and risk factors for mortality of adult inpatients with COVID-19 in Wuhan, China: a retrospective cohort study.",2020-04-03,"Lancet (London, England)",NCT04333875,Registry,2020-03-20,2020-12-31,Observational [Patient Registry],Morbidity and Mortality Due to Deferral of Aortic Valve Replacement in Patients With Severe Aortic Stenosis,"Active, not recruiting",NA,"University Hospital Inselspital, Berne",NA,https://pubmed.ncbi.nlm.nih.gov/32171076,https://clinicaltrials.gov/ct2/show/NCT04333875,0,4,4,0,2,0,Switzerland,0,tavr/savr|tavr|savr
32171076,Journal Article,Fibrin Fibrinogen Degradation Products|fibrin fragment D|NA,"Adolescent|Adult|Age Factors|Aged|Aged, 80 and over|Betacoronavirus|COVID-19|COVID-19 Testing|Cardiovascular Diseases|China|Clinical Laboratory Techniques|Cohort Studies|Comorbidity|Coronavirus Infections|Diabetes Complications|Disease Progression|Female|Fibrin Fibrinogen Degradation Products|Humans|Hypertension|Male|Middle Aged|Mortality|Organ Dysfunction Scores|Pandemics|Patient Care Planning|Patient Isolation|Pneumonia, Viral|Prognosis|Retrospective Studies|Risk Assessment|Risk Factors|SARS-CoV-2|Young Adult|NA","Clinical course and risk factors for mortality of adult inpatients with COVID-19 in Wuhan, China: a retrospective cohort study.",2020-04-03,"Lancet (London, England)",NCT04611269,Registry,2020-03-20,2020-10-31,Observational [Patient Registry],Clinical Characteristics and Outcomes of Patients With COVID-19 on Mechanical Ventilation in Argentina,Completed,NA,Argentinian Intensive Care Society,NA,https://pubmed.ncbi.nlm.nih.gov/32171076,https://clinicaltrials.gov/ct2/show/NCT04611269,0,7,7,0,3,0,Argentina,0,"NA"
32172242,Editorial, ,"Betacoronavirus|COVID-19|Coronavirus Infections|Critical Care|Cytokine Release Syndrome|Extracorporeal Circulation|Extracorporeal Membrane Oxygenation|Humans|Pandemics|Plasmapheresis|Pneumonia, Viral|Renal Replacement Therapy|Respiratory Distress Syndrome|SARS-CoV-2|Sorption Detoxification|Ventilator-Induced Lung Injury|NA",Coronavirus Epidemic and Extracorporeal Therapies in Intensive Care: si vis pacem para bellum.,2020-09-18,Blood purification,NCT04511429,Registry,2020-06-30,2020-10-31,Observational [Patient Registry],COVID-19 in Immunosuppressed Children,Recruiting,NA,D'Or Institute for Research and Education,NA,https://pubmed.ncbi.nlm.nih.gov/32172242,https://clinicaltrials.gov/ct2/show/NCT04511429,0,9,9,0,0,0,Brazil,0,"NA"
32180188,Journal Article,"Antigens, Viral|NA","Adoptive Transfer|Animals|Antigens, Viral|CD8-Positive T-Lymphocytes|Coxsackievirus Infections|Diabetes Mellitus, Experimental|Diabetes Mellitus, Type 1|Enterovirus B, Human|Female|Immunization|Lymphocytic Choriomeningitis|Lymphocytic choriomeningitis virus|Male|Mice|Mice, Inbred NOD|Mice, Transgenic|Spleen|NA",Mouse Models of Virus-Induced Type 1 Diabetes.,2021-03-10,"Methods in molecular biology (Clifton, N.J.)",NCT04623697,Registry,2020-11-01,2023-10-30,Observational [Patient Registry],Covid-19 Infection and New Onset Type 1 Diabetes,Recruiting,NA,Hospital of South West Jutland,NA,https://pubmed.ncbi.nlm.nih.gov/32180188,https://clinicaltrials.gov/ct2/show/NCT04623697,0,10,10,0,0,0,Denmark,0,"NA"
32196933,Letter, ,Coronavirus|Coronavirus Infections|Epidemics|Humans|Immunocompromised Host|Liver Transplantation|NA,Coronaviruses and Immunosuppressed Patients: The Facts During the Third Epidemic.,2021-03-18,Liver transplantation : official publication of the American Association for the Study of Liver Diseases and the International Liver Transplantation Society,NCT04511429,Registry,2020-06-30,2020-10-31,Observational [Patient Registry],COVID-19 in Immunosuppressed Children,Recruiting,NA,D'Or Institute for Research and Education,NA,https://pubmed.ncbi.nlm.nih.gov/32196933,https://clinicaltrials.gov/ct2/show/NCT04511429,0,9,9,0,0,0,Brazil,0,"NA"
32204907,Editorial, ,"Acute Kidney Injury|Betacoronavirus|COVID-19|Coronavirus Infections|Host-Pathogen Interactions|Humans|Kidney|Kidney Diseases|Pandemics|Pneumonia, Viral|Prognosis|Risk Assessment|Risk Factors|SARS-CoV-2|NA",The Novel Coronavirus 2019 epidemic and kidneys.,2020-09-16,Kidney international,NCT04353583,Registry,2020-04-21,2021-12-31,Observational [Patient Registry],Renal Outcome in Patients With COVID-19,Recruiting,NA,University of Giessen,NA,https://pubmed.ncbi.nlm.nih.gov/32204907,https://clinicaltrials.gov/ct2/show/NCT04353583,0,1,1,0,9,0,Germany,0,"NA"
32211963,Journal Article, ,"Adult|Aged|Aged, 80 and over|Betacoronavirus|COVID-19|China|Coronavirus Infections|Female|Humans|Male|Middle Aged|Pandemics|Pneumonia, Viral|Retrospective Studies|SARS-CoV-2|Thorax|Tomography, X-Ray Computed|Young Adult|NA",Coronavirus disease 2019: initial chest CT findings.,2020-07-14,European radiology,NCT04661631,Registry,2020-05-08,2021-07-31,Observational [Patient Registry],Surgery and Lung Ultrasound in COVID-19 Infection,Recruiting,NA,Fundacion Clinica Valle del Lili,NA,https://pubmed.ncbi.nlm.nih.gov/32211963,https://clinicaltrials.gov/ct2/show/NCT04661631,0,30,30,0,1,0,Colombia,0,lung ultrasound
32215581,"Case Reports|Journal Article|Research Support, Non-U.S. Gov't","Antibodies, Viral|Immunoglobulin G|Immunoglobulin M|NA","Adult|Antibodies, Viral|Antibody Specificity|Betacoronavirus|COVID-19|COVID-19 Testing|Cesarean Section|Clinical Laboratory Techniques|Coronavirus Infections|Female|Fetal Diseases|Humans|Immunoglobulin G|Immunoglobulin M|Infant, Newborn|Infectious Disease Transmission, Vertical|Mothers|Nasopharynx|Pandemics|Pneumonia, Viral|Pregnancy|Pregnancy Complications, Infectious|Real-Time Polymerase Chain Reaction|SARS-CoV-2|Sensitivity and Specificity|Time Factors|NA",Possible Vertical Transmission of SARS-CoV-2 From an Infected Mother to Her Newborn.,2020-09-23,JAMA,NCT04418557,Registry,2020-04-28,2021-07-31,Observational [Patient Registry],COVID-19 and Obstetric Transmission,Recruiting,NA,University Hospitals Cleveland Medical Center,NA,https://pubmed.ncbi.nlm.nih.gov/32215581,https://clinicaltrials.gov/ct2/show/NCT04418557,0,2,2,0,2,1,United States,0,pcr/serology|pcr|serology test
32216717,Journal Article|Multicenter Study, ,"Adolescent|Adult|Aged|Aged, 80 and over|Betacoronavirus|COVID-19|COVID-19 Testing|COVID-19 Vaccines|Clinical Laboratory Techniques|Coronavirus Infections|Female|Humans|Male|Middle Aged|Pandemics|Pneumonia, Viral|Radiographic Image Interpretation, Computer-Assisted|Reproducibility of Results|Retrospective Studies|Reverse Transcriptase Polymerase Chain Reaction|SARS-CoV-2|Severity of Illness Index|Tomography, X-Ray Computed|Young Adult|NA",Frequency and Distribution of Chest Radiographic Findings in Patients Positive for COVID-19.,2020-07-31,Radiology,NCT04661631,Registry,2020-05-08,2021-07-31,Observational [Patient Registry],Surgery and Lung Ultrasound in COVID-19 Infection,Recruiting,NA,Fundacion Clinica Valle del Lili,NA,https://pubmed.ncbi.nlm.nih.gov/32216717,https://clinicaltrials.gov/ct2/show/NCT04661631,0,30,30,0,1,0,Colombia,0,lung ultrasound
32222164,Letter|Comment, ,"Betacoronavirus|COVID-19|China|Coronavirus Infections|Early Diagnosis|Humans|Pandemics|Pneumonia, Viral|SARS-CoV-2|Tomography, X-Ray Computed|NA",CT screening for early diagnosis of SARS-CoV-2 infection.,2020-09-03,The Lancet. Infectious diseases,NCT04661631,Registry,2020-05-08,2021-07-31,Observational [Patient Registry],Surgery and Lung Ultrasound in COVID-19 Infection,Recruiting,NA,Fundacion Clinica Valle del Lili,NA,https://pubmed.ncbi.nlm.nih.gov/32222164,https://clinicaltrials.gov/ct2/show/NCT04661631,0,30,30,0,1,0,Colombia,0,lung ultrasound
32223336,Journal Article, , ,"Global, Regional, and National Burden of Calcific Aortic Valve and Degenerative Mitral Valve Diseases, 1990-2017.",2020-05-27,Circulation,NCT04333875,Registry,2020-03-20,2020-12-31,Observational [Patient Registry],Morbidity and Mortality Due to Deferral of Aortic Valve Replacement in Patients With Severe Aortic Stenosis,"Active, not recruiting",NA,"University Hospital Inselspital, Berne",NA,https://pubmed.ncbi.nlm.nih.gov/32223336,https://clinicaltrials.gov/ct2/show/NCT04333875,0,4,4,0,2,0,Switzerland,0,tavr/savr|tavr|savr
32227492,Journal Article, ,"Anatomic Landmarks|Artificial Intelligence|Betacoronavirus|COVID-19|Coronavirus Infections|Databases, Factual|Forecasting|Humans|Image Processing, Computer-Assisted|Internationality|Lung|Pandemics|Pneumonia, Viral|Point-of-Care Systems|Reproducibility of Results|SARS-CoV-2|Ultrasonography|NA","Proposal for International Standardization of the Use of Lung Ultrasound for Patients With COVID-19: A Simple, Quantitative, Reproducible Method.",2020-06-26,Journal of ultrasound in medicine : official journal of the American Institute of Ultrasound in Medicine,NCT04661631,Registry,2020-05-08,2021-07-31,Observational [Patient Registry],Surgery and Lung Ultrasound in COVID-19 Infection,Recruiting,NA,Fundacion Clinica Valle del Lili,NA,https://pubmed.ncbi.nlm.nih.gov/32227492,https://clinicaltrials.gov/ct2/show/NCT04661631,0,30,30,0,1,0,Colombia,0,lung ultrasound
32238084,Journal Article|Review, ,"Betacoronavirus|COVID-19|Canada|China|Coronavirus Infections|Female|Hong Kong|Humans|Infant, Newborn|Infectious Disease Transmission, Vertical|Iran|Maternal Mortality|Pandemics|Pneumonia, Viral|Pregnancy|Pregnancy Complications, Infectious|Respiration Disorders|Risk|SARS-CoV-2|United States|NA",Vertical Transmission of Coronavirus Disease 19 (COVID-19) from Infected Pregnant Mothers to Neonates: A Review.,2020-06-22,Fetal and pediatric pathology,NCT04401540,Registry,2020-05-01,2020-10-30,Observational [Patient Registry],Characteristics of Neonatal Covid-19 in Turkey,Recruiting,NA,Recep Tayyip Erdogan University Training and Research Hospital,NA,https://pubmed.ncbi.nlm.nih.gov/32238084,https://clinicaltrials.gov/ct2/show/NCT04401540,1,3,4,0,2,0,Turkey,0,"NA"
32242947,"Journal Article|Meta-Analysis|Research Support, Non-U.S. Gov't|Systematic Review", ,"Adult|COVID-19|Female|Humans|Lung|Male|Middle Aged|Respiratory Insufficiency|Tomography, X-Ray Computed|NA",Imaging and clinical features of patients with 2019 novel coronavirus SARS-CoV-2: A systematic review and meta-analysis.,2020-12-16,Journal of medical virology,NCT04661631,Registry,2020-05-08,2021-07-31,Observational [Patient Registry],Surgery and Lung Ultrasound in COVID-19 Infection,Recruiting,NA,Fundacion Clinica Valle del Lili,NA,https://pubmed.ncbi.nlm.nih.gov/32242947,https://clinicaltrials.gov/ct2/show/NCT04661631,0,30,30,0,1,0,Colombia,0,lung ultrasound
32285380,Journal Article, ,"Adult|Betacoronavirus|COVID-19|Coronavirus Infections|Female|Humans|Infant, Newborn|Infectious Disease Transmission, Vertical|Mothers|Pandemics|Pneumonia, Viral|Pregnancy|Prospective Studies|SARS-CoV-2|Tomography, X-Ray Computed|NA",Clinical characteristics of 19 neonates born to mothers with COVID-19.,2020-05-15,Frontiers of medicine,NCT04401540,Registry,2020-05-01,2020-10-30,Observational [Patient Registry],Characteristics of Neonatal Covid-19 in Turkey,Recruiting,NA,Recep Tayyip Erdogan University Training and Research Hospital,NA,https://pubmed.ncbi.nlm.nih.gov/32285380,https://clinicaltrials.gov/ct2/show/NCT04401540,1,3,4,0,2,0,Turkey,0,"NA"
32292899,Journal Article, , ,Clinical characteristics and outcomes of patients undergoing surgeries during the incubation period of COVID-19 infection.,2021-02-09,EClinicalMedicine,NCT04661631,Registry,2020-05-08,2021-07-31,Observational [Patient Registry],Surgery and Lung Ultrasound in COVID-19 Infection,Recruiting,NA,Fundacion Clinica Valle del Lili,NA,https://pubmed.ncbi.nlm.nih.gov/32292899,https://clinicaltrials.gov/ct2/show/NCT04661631,0,30,30,0,1,0,Colombia,0,lung ultrasound
32294297,Journal Article|Comment, ,"Bariatric Surgery|Betacoronavirus|COVID-19|China|Coronavirus|Coronavirus Infections|Humans|Pandemics|Pneumonia, Viral|Quality of Life|SARS-CoV-2|NA",The Impact of Coronavirus Disease 2019 on Bariatric Surgery: Redefining Psychosocial Care.,2020-06-15,"Obesity (Silver Spring, Md.)",NCT04453579,Registry,2020-03-09,2020-05-04,Observational [Patient Registry],"Bariatric Surgery During Lockdown, Impact of COVID-19 on Physical and Mental Health",Completed,NA,University of Rome Tor Vergata,NA,https://pubmed.ncbi.nlm.nih.gov/32294297,https://clinicaltrials.gov/ct2/show/NCT04453579,0,1,1,0,0,0,Italy,0,telehealth
32325282,Journal Article, ,"Adult|Aged|Betacoronavirus|COVID-19|Coronavirus Infections|Female|Humans|Lung|Male|Middle Aged|Pandemics|Pneumonia, Viral|SARS-CoV-2|Thorax|Tomography, X-Ray Computed|NA",Chest CT findings of COVID-19 pneumonia by duration of symptoms.,2020-05-15,European journal of radiology,NCT04661631,Registry,2020-05-08,2021-07-31,Observational [Patient Registry],Surgery and Lung Ultrasound in COVID-19 Infection,Recruiting,NA,Fundacion Clinica Valle del Lili,NA,https://pubmed.ncbi.nlm.nih.gov/32325282,https://clinicaltrials.gov/ct2/show/NCT04661631,0,30,30,0,1,0,Colombia,0,lung ultrasound
32402207,"Editorial|Research Support, N.I.H., Extramural|Research Support, Non-U.S. Gov't", ,"Betacoronavirus|COVID-19|Clinical Decision-Making|Coronavirus Infections|Humans|Intubation|Pandemics|Pneumonia, Viral|Respiration, Artificial|Risk Factors|SARS-CoV-2|NA",Mechanical Ventilation in COVID-19: Interpreting the Current Epidemiology.,2020-07-14,American journal of respiratory and critical care medicine,NCT04611269,Registry,2020-03-20,2020-10-31,Observational [Patient Registry],Clinical Characteristics and Outcomes of Patients With COVID-19 on Mechanical Ventilation in Argentina,Completed,NA,Argentinian Intensive Care Society,NA,https://pubmed.ncbi.nlm.nih.gov/32402207,https://clinicaltrials.gov/ct2/show/NCT04611269,0,7,7,0,3,0,Argentina,0,"NA"
32444460,Journal Article|Observational Study, ,"Adolescent|Adult|Age Factors|Aged|Aged, 80 and over|Betacoronavirus|COVID-19|Child|Child, Preschool|Comorbidity|Coronavirus Infections|Critical Care|Female|Hospitalization|Humans|Infant|Infant, Newborn|Male|Middle Aged|Pandemics|Pneumonia, Viral|Prospective Studies|Respiration, Artificial|Risk Factors|SARS-CoV-2|Sex Factors|United Kingdom|Young Adult|NA",Features of 20â€‰133 UK patients in hospital with covid-19 using the ISARIC WHO Clinical Characterisation Protocol: prospective observational cohort study.,2020-05-28,BMJ (Clinical research ed.),NCT04611269,Registry,2020-03-20,2020-10-31,Observational [Patient Registry],Clinical Characteristics and Outcomes of Patients With COVID-19 on Mechanical Ventilation in Argentina,Completed,NA,Argentinian Intensive Care Society,NA,https://pubmed.ncbi.nlm.nih.gov/32444460,https://clinicaltrials.gov/ct2/show/NCT04611269,0,7,7,0,3,0,Argentina,0,"NA"
32473681,"Journal Article|Research Support, N.I.H., Extramural|Research Support, Non-U.S. Gov't",Antiviral Agents|Hydroxychloroquine|Azithromycin|NA,"Aged|Antiviral Agents|Azithromycin|Betacoronavirus|COVID-19|Cause of Death|Comorbidity|Coronavirus Infections|Databases, Factual|Female|Humans|Hydroxychloroquine|Male|Middle Aged|Neoplasms|Pandemics|Pneumonia, Viral|Prognosis|Risk Factors|SARS-CoV-2|NA",Clinical impact of COVID-19 on patients with cancer (CCC19): a cohort study.,2020-07-02,"Lancet (London, England)",NCT04733729,Registry,2020-03-01,2021-01-30,Observational [Patient Registry],Covid-19 in Hematological Malignancies,Recruiting,NA,Sorveglianza Epidemiologica Infezioni Fungine Emopatie Maligne,NA,https://pubmed.ncbi.nlm.nih.gov/32473681,https://clinicaltrials.gov/ct2/show/NCT04733729,0,3,3,0,1,0,Italy,0,"NA"
32479682,Journal Article|Observational Study,"PGF protein, human|Placenta Growth Factor|L-Lactate Dehydrogenase|Aspartate Aminotransferases|Alanine Transaminase|FLT1 protein, human|Vascular Endothelial Growth Factor Receptor-1|NA","Adult|Alanine Transaminase|Aspartate Aminotransferases|Betacoronavirus|Blood Pressure|COVID-19|Coronavirus Infections|Female|HELLP Syndrome|Humans|L-Lactate Dehydrogenase|Pandemics|Placenta Growth Factor|Pneumonia, Viral|Pre-Eclampsia|Pregnancy|Pregnancy Complications, Infectious|Proteinuria|Pulsatile Flow|SARS-CoV-2|Severity of Illness Index|Tertiary Care Centers|Thrombocytopenia|Uterine Artery|Vascular Endothelial Growth Factor Receptor-1|NA",Pre-eclampsia-like syndrome induced by severe COVID-19: a prospective observational study.,2020-09-24,BJOG : an international journal of obstetrics and gynaecology,NCT04443140,Registry,2020-03-15,2020-07-01,Observational [Patient Registry],Preeclampsia-like Syndrome Induced by COVID-19: Is it a Real Public Health Issue in Pregnancy During the Pandemic?,Completed,NA,Zeynep Kamil Maternity and Pediatric Research and Training Hospital,NA,https://pubmed.ncbi.nlm.nih.gov/32479682,https://clinicaltrials.gov/ct2/show/NCT04443140,0,1,1,0,2,0,Turkey,0,pcr
32511673,Letter, ,"Betacoronavirus|COVID-19|Cesarean Section|Coronavirus Infections|Delivery, Obstetric|Female|Humans|Pandemics|Pneumonia, Viral|Pregnancy|Pregnancy Complications, Infectious|Pregnancy Outcome|SARS-CoV-2|Spain|NA",Association Between Mode of Delivery Among Pregnant Women With COVID-19 and Maternal and Neonatal Outcomes in Spain.,2020-09-21,JAMA,NCT04558996,Registry,2020-03-01,2020-12-31,Observational [Patient Registry],Spanish Registry of Pregnant Women With COVID-19,Recruiting,NA,Puerta de Hierro University Hospital,NA,https://pubmed.ncbi.nlm.nih.gov/32511673,https://clinicaltrials.gov/ct2/show/NCT04558996,0,1,1,0,0,0,Spain,0,"NA"
32602006,"Journal Article|Research Support, Non-U.S. Gov't","Peptidyl-Dipeptidase A|ACE2 protein, human|Angiotensin-Converting Enzyme 2|NA","Acute Kidney Injury|Aged|Aged, 80 and over|Angiotensin-Converting Enzyme 2|Betacoronavirus|COVID-19|Coronavirus Infections|Female|Glomerular Filtration Rate|Humans|Male|Middle Aged|Pandemics|Peptidyl-Dipeptidase A|Pneumonia, Viral|Registries|Risk Assessment|SARS-CoV-2|NA",Impact of renal function on admission in COVID-19 patients: an analysis of the international HOPE COVID-19 (Health Outcome Predictive Evaluation for COVID 19) Registry.,2020-08-10,Journal of nephrology,NCT04334291,Registry,2020-03-23,2020-05-01,Observational [Patient Registry],"International COVID19 Clinical Evaluation Registry,",Completed,NA,"St Carlos Hospital, Madrid, Spain",NA,https://pubmed.ncbi.nlm.nih.gov/32602006,https://clinicaltrials.gov/ct2/show/NCT04334291,6,6,12,0,3,0,Spain,0,observational
32628126,"Journal Article|Research Support, Non-U.S. Gov't", , ,Environment-Wide Association Study of CKD.,2021-02-08,Clinical journal of the American Society of Nephrology : CJASN,NCT04679168,Registry,2020-06-01,2021-12-31,Observational [Patient Registry],Study on Kidney Disease and EnviromenTal Chemical,Recruiting,NA,Seoul National University Hospital,NA,https://pubmed.ncbi.nlm.nih.gov/32628126,https://clinicaltrials.gov/ct2/show/NCT04679168,0,3,3,0,1,0,"Korea, Republic of",0,"NA"
32692012,Journal Article|Multicenter Study, ,"Adolescent|Adult|Age Distribution|Age Factors|Aged|Betacoronavirus|COVID-19|Cardiovascular Diseases|Child|China|Cohort Studies|Comorbidity|Coronavirus Infections|Female|Health Services Accessibility|Hospital Mortality|Humans|Male|Middle Aged|Pandemics|Patient Discharge|Pneumonia, Viral|SARS-CoV-2|Sex Distribution|Spain|Symptom Assessment|United States|Young Adult|NA","The COVID-19 curve, health system overload, and mortality.",2020-07-29,Emergencias : revista de la Sociedad Espanola de Medicina de Emergencias,NCT04334291,Registry,2020-03-23,2020-05-01,Observational [Patient Registry],"International COVID19 Clinical Evaluation Registry,",Completed,NA,"St Carlos Hospital, Madrid, Spain",NA,https://pubmed.ncbi.nlm.nih.gov/32692012,https://clinicaltrials.gov/ct2/show/NCT04334291,6,6,12,0,3,0,Spain,0,observational
32728965,"Journal Article|Multicenter Study|Observational Study|Research Support, Non-U.S. Gov't", ,"Adult|Analysis of Variance|COVID-19|Correlation of Data|Female|Humans|Male|Middle Aged|Proportional Hazards Models|Prospective Studies|Respiration, Artificial|Respiratory Distress Syndrome|Severity of Illness Index|Spain|Statistics, Nonparametric|NA","Clinical features, ventilatory management, and outcome of ARDS caused by COVID-19 are similar to other causes of ARDS.",2020-12-23,Intensive care medicine,NCT04611269,Registry,2020-03-20,2020-10-31,Observational [Patient Registry],Clinical Characteristics and Outcomes of Patients With COVID-19 on Mechanical Ventilation in Argentina,Completed,NA,Argentinian Intensive Care Society,NA,https://pubmed.ncbi.nlm.nih.gov/32728965,https://clinicaltrials.gov/ct2/show/NCT04611269,0,7,7,0,3,0,Argentina,0,"NA"
32798473,Journal Article|Multicenter Study|Observational Study, ,"Adult|Aged|Aged, 80 and over|Betacoronavirus|COVID-19|Comorbidity|Coronavirus Infections|Female|Follow-Up Studies|Hematologic Neoplasms|Humans|Inpatients|Italy|Leukemia|Lymphoma, Non-Hodgkin|Male|Middle Aged|Myeloproliferative Disorders|Neoplasms, Plasma Cell|Pandemics|Pneumonia, Viral|Retrospective Studies|Risk Factors|SARS-CoV-2|Young Adult|NA","Clinical characteristics and risk factors associated with COVID-19 severity in patients with haematological malignancies in Italy: a retrospective, multicentre, cohort study.",2020-10-02,The Lancet. Haematology,NCT04733729,Registry,2020-03-01,2021-01-30,Observational [Patient Registry],Covid-19 in Hematological Malignancies,Recruiting,NA,Sorveglianza Epidemiologica Infezioni Fungine Emopatie Maligne,NA,https://pubmed.ncbi.nlm.nih.gov/32798473,https://clinicaltrials.gov/ct2/show/NCT04733729,0,3,3,0,1,0,Italy,0,"NA"
33032660,"Journal Article|Multicenter Study|Observational Study|Research Support, Non-U.S. Gov't",Antineoplastic Agents|Antiviral Agents|NA,"Adolescent|Adult|Age Factors|Aged|Aged, 80 and over|Antineoplastic Agents|Antiviral Agents|Betacoronavirus|COVID-19|Comorbidity|Coronavirus Infections|Female|Hematologic Neoplasms|Humans|Male|Middle Aged|Pandemics|Pneumonia, Viral|Prospective Studies|Registries|Risk Factors|SARS-CoV-2|Severity of Illness Index|Spain|Treatment Outcome|Young Adult|NA",Impact of hematologic malignancy and type of cancer therapy on COVID-19 severity and mortality: lessons from a large population-based registry study.,2020-10-27,Journal of hematology &amp; oncology,NCT04733729,Registry,2020-03-01,2021-01-30,Observational [Patient Registry],Covid-19 in Hematological Malignancies,Recruiting,NA,Sorveglianza Epidemiologica Infezioni Fungine Emopatie Maligne,NA,https://pubmed.ncbi.nlm.nih.gov/33032660,https://clinicaltrials.gov/ct2/show/NCT04733729,0,3,3,0,1,0,Italy,0,"NA"
33080051,Journal Article,"Anticoagulants|Factor Xa Inhibitors|Heparin, Low-Molecular-Weight|Heparin|NA","Aged|Aged, 80 and over|Anticoagulants|Atrial Fibrillation|COVID-19|Comorbidity|Factor Xa Inhibitors|Female|Heart Failure|Heart Valve Prosthesis|Heart Valve Prosthesis Implantation|Heparin|Heparin, Low-Molecular-Weight|Hospital Mortality|Humans|Intensive Care Units|Male|Multivariate Analysis|Prognosis|Propensity Score|Proportional Hazards Models|Renal Insufficiency|Respiration, Artificial|Respiratory Insufficiency|Risk Factors|SARS-CoV-2|Sepsis|Systemic Inflammatory Response Syndrome|Thromboembolism|Venous Thromboembolism|NA",Clinical profile and prognosis in patients on oral anticoagulation before admission for COVID-19.,2021-01-01,European journal of clinical investigation,NCT04334291,Registry,2020-03-23,2020-05-01,Observational [Patient Registry],"International COVID19 Clinical Evaluation Registry,",Completed,NA,"St Carlos Hospital, Madrid, Spain",NA,https://pubmed.ncbi.nlm.nih.gov/33080051,https://clinicaltrials.gov/ct2/show/NCT04334291,6,6,12,0,3,0,Spain,0,observational
33165755,Journal Article, , ,"Mortality risk assessment in Spain and Italy, insights of the HOPE COVID-19 registry.",2020-11-13,Internal and emergency medicine,NCT04334291,Registry,2020-03-23,2020-05-01,Observational [Patient Registry],"International COVID19 Clinical Evaluation Registry,",Completed,NA,"St Carlos Hospital, Madrid, Spain",NA,https://pubmed.ncbi.nlm.nih.gov/33165755,https://clinicaltrials.gov/ct2/show/NCT04334291,6,6,12,0,3,0,Spain,0,observational
33201181,Journal Article|Multicenter Study, ,"Aged|Aged, 80 and over|COVID-19|Female|Geriatric Assessment|Hospital Mortality|Hospitalization|Humans|Intensive Care Units|International Cooperation|Male|Mortality|Multimorbidity|Prognosis|Registries|Risk Assessment|Risk Factors|SARS-CoV-2|NA",Clinical profile and predictors of in-hospital mortality among older patients hospitalised for COVID-19.,2021-03-17,Age and ageing,NCT04334291,Registry,2020-03-23,2020-05-01,Observational [Patient Registry],"International COVID19 Clinical Evaluation Registry,",Completed,NA,"St Carlos Hospital, Madrid, Spain",NA,https://pubmed.ncbi.nlm.nih.gov/33201181,https://clinicaltrials.gov/ct2/show/NCT04334291,6,6,12,0,3,0,Spain,0,observational
33346365,Journal Article|Multicenter Study, ,Aged|COVID-19|Comorbidity|Female|Global Health|Heart Diseases|Humans|Male|Middle Aged|Pandemics|Prognosis|Registries|Retrospective Studies|Risk Factors|SARS-CoV-2|NA,Underlying heart diseases and acute COVID-19 outcomes.,2021-05-06,Cardiology journal,NCT04334291,Registry,2020-03-23,2020-05-01,Observational [Patient Registry],"International COVID19 Clinical Evaluation Registry,",Completed,NA,"St Carlos Hospital, Madrid, Spain",NA,https://pubmed.ncbi.nlm.nih.gov/33346365,https://clinicaltrials.gov/ct2/show/NCT04334291,6,6,12,0,3,0,Spain,0,observational
