nct_id,start_date.x,primary_completion_date.x,study_type.x,brief_title.x,overall_status.x,phase.x,source.x,why_stopped.x,pubmed_links,ctg_links,Abstract,Registry,Total_pubs,country,Has_Results,Number_of_updates,intervention,vaccine_trial_flag
NCT04354701,3/17/2020,12/31/2021,Observational [Patient Registry],COVID-19 and Cancer Consortium Registry,Recruiting,NA,Vanderbilt-Ingram Cancer Center,NA,https://pubmed.ncbi.nlm.nih.gov/32473681,https://clinicaltrials.gov/ct2/show/NCT04354701,2,0,2,United States,0,6,Web-based REDCap survey,0
NCT04331171,3/17/2020,11/15/2020,Observational [Patient Registry],Epidemiological Observation From a Smartphone Self-monitoring Application for Suspected COVID-19 Patients' Triage,Completed,NA,Weprom,NA,https://pubmed.ncbi.nlm.nih.gov/32496206,https://clinicaltrials.gov/ct2/show/NCT04331171,3,0,3,France,0,4,Web application users,0
NCT04331574,3/10/2020,4/10/2020,Observational [Patient Registry],Renin-Angiotensin System Inhibitors and COVID-19,Recruiting,NA,Societa Italiana dell'Ipertensione Arteriosa,NA,https://pubmed.ncbi.nlm.nih.gov/32564693,https://clinicaltrials.gov/ct2/show/NCT04331574,3,0,3,Italy,0,0,NA,0
NCT04334291,3/23/2020,5/1/2020,Observational [Patient Registry],"International COVID19 Clinical Evaluation Registry,",Completed,NA,"St Carlos Hospital, Madrid, Spain",NA,https://pubmed.ncbi.nlm.nih.gov/32602006,https://clinicaltrials.gov/ct2/show/NCT04334291,7,5,12,Spain,0,3,Observational (registry),0
NCT04370067,5/1/2020,5/1/2021,Observational [Patient Registry],HUNgarian COronaVirus Disease-19 Epidemiological Research,Recruiting,NA,Semmelweis University Heart and Vascular Center,NA,https://pubmed.ncbi.nlm.nih.gov/32677025,https://clinicaltrials.gov/ct2/show/NCT04370067,1,0,1,Hungary,0,2,NA,0
NCT04368975,3/12/2020,4/21/2020,Observational [Patient Registry],ARDS Caused by COVID-19,Recruiting,NA,Hospital Clinic of Barcelona,NA,https://pubmed.ncbi.nlm.nih.gov/32728965,https://clinicaltrials.gov/ct2/show/NCT04368975,1,0,1,Spain,0,0,NA,0
NCT04401540,5/1/2020,10/30/2020,Observational [Patient Registry],Characteristics of Neonatal Covid-19 in Turkey,Recruiting,NA,Recep Tayyip Erdogan University Training and Research Hospital,NA,https://pubmed.ncbi.nlm.nih.gov/32776309,https://clinicaltrials.gov/ct2/show/NCT04401540,1,3,4,Turkey,0,2,NA,0
NCT04394000,5/4/2020,5/15/2020,Observational [Patient Registry],Impact of an Intensified Thromboprofylaxis Protocol in COVID-19,Completed,NA,Jessa Hospital,NA,https://pubmed.ncbi.nlm.nih.gov/32788120,https://clinicaltrials.gov/ct2/show/NCT04394000,1,0,1,Belgium,0,0,thromboprofylaxis protocol|standard protocol,0
NCT04347993,3/27/2020,3/31/2022,Observational [Patient Registry],"A Prospective ""Universal"" Observational Database for COVID-19",Recruiting,NA,Hackensack Meridian Health,NA,https://pubmed.ncbi.nlm.nih.gov/32790733,https://clinicaltrials.gov/ct2/show/NCT04347993,3,0,3,United States,0,2,NA,0
NCT04352764,3/27/2020,12/31/2020,Observational [Patient Registry],ANTIBODY BASED TESTS FOR SARSCoV-2 COVID-19) - Evaluation of Patients and Healthcare Providers in the Confines of Healthcare Settings,Recruiting,NA,Texas Cardiac Arrhythmia Research Foundation,NA,https://pubmed.ncbi.nlm.nih.gov/33006086,https://clinicaltrials.gov/ct2/show/NCT04352764,1,0,1,United States,0,2,CoronaCideTM COVID-19 IgM/IgG Rapid Test and Premier Biotech COVID-19 IgM/IgG Rapid Test,0
NCT04323839,3/20/2020,3/31/2024,Observational [Patient Registry],COVID-19 PRIORITY (Pregnancy CoRonavIrus Outcomes RegIsTrY),Enrolling by invitation,NA,"University of California, San Francisco",NA,https://pubmed.ncbi.nlm.nih.gov/33027186,https://clinicaltrials.gov/ct2/show/NCT04323839,1,0,1,United States,0,4,Pregnant women under investigation for Coronavirus or diagnosed with COVID-19|Postpartum women under investigation for Coronavirus or diagnosed with COVID-19,0
NCT04323592,3/23/2020,5/10/2020,Observational [Patient Registry],Methylprednisolone for Patients With COVID-19 Severe Acute Respiratory Syndrome,Completed,NA,University of Trieste,NA,https://pubmed.ncbi.nlm.nih.gov/33072814,https://clinicaltrials.gov/ct2/show/NCT04323592,1,0,1,Italy,1,6,Methylprednisolone|standard care,0
NCT04336345,4/1/2020,4/30/2020,Observational [Patient Registry],Outcomes of Patients With COVID-19 in the Intensive Care Unit,Completed,NA,Instituto Nacional de Ciencias Medicas y Nutricion Salvador Zubiran,NA,https://pubmed.ncbi.nlm.nih.gov/33138974,https://clinicaltrials.gov/ct2/show/NCT04336345,1,0,1,Mexico,0,6,NA,0
NCT04435041,6/1/2020,5/31/2021,Observational [Patient Registry],Remote-by-Default Care in the COVID-19 Pandemic,"Active, not recruiting",NA,University of Oxford,NA,https://pubmed.ncbi.nlm.nih.gov/33184088,https://clinicaltrials.gov/ct2/show/NCT04435041,3,0,3,United Kingdom,0,0,NA,0
NCT04345536,3/15/2020,1/1/2022,Observational [Patient Registry],Prospective Quality Register of Patients With Confirmed Covid-19 at Oslo University Hospital,Recruiting,NA,Oslo University Hospital,NA,https://pubmed.ncbi.nlm.nih.gov/33403367,https://clinicaltrials.gov/ct2/show/NCT04345536,1,0,1,Norway,0,2,NA,0
NCT04371744,4/17/2020,6/4/2020,Observational [Patient Registry],QT-Logs : Artificial Intelligence for QT Interval Analysis of ECG From Smartwatches in Patient Receiving Treatment for Covid-19,Completed,NA,Assistance Publique Hopitaux De Marseille,NA,https://pubmed.ncbi.nlm.nih.gov/33524462,https://clinicaltrials.gov/ct2/show/NCT04371744,1,0,1,France,0,1,NA,0
NCT04533360,9/28/2020,10/9/2020,Observational [Patient Registry],Prevalence of COVID-19 Antibodies Kingman AZ,Enrolling by invitation,NA,Kingman Regional Medical Center,NA,https://pubmed.ncbi.nlm.nih.gov/33567087,https://clinicaltrials.gov/ct2/show/NCT04533360,1,0,1,United States,0,3,VITROS Anti-SARS-CoV-2 IgG test,0
NCT04379440,4/25/2020,9/30/2020,Observational [Patient Registry],Geriatric Population COVID-19 Observational Study (GEROCOVIDobs),Recruiting,NA,Campus Bio-Medico University,NA,https://pubmed.ncbi.nlm.nih.gov/33573885,https://clinicaltrials.gov/ct2/show/NCT04379440,1,0,1,Italy,0,0,NA,0
NCT04479150,3/1/2020,8/31/2020,Observational [Patient Registry],Complications and Mortality Following Emergency Digestive Surgery During the COVID-19 Pandemic,Completed,NA,Hospital Universitari de Bellvitge,NA,https://pubmed.ncbi.nlm.nih.gov/33592888,https://clinicaltrials.gov/ct2/show/NCT04479150,1,0,1,Spain,0,2,NA,0
NCT04426084,3/1/2020,5/11/2020,Observational [Patient Registry],Cardiovascular Risk Factors and Severe COVID-19. A Nationwide Registry-based Case-Control Study,"Active, not recruiting",NA,Karolinska Institutet,NA,https://pubmed.ncbi.nlm.nih.gov/33597145,https://clinicaltrials.gov/ct2/show/NCT04426084,1,0,1,Sweden,0,0,Hypertension|Diabetes type 2|Obesity|Antihypertensive Agents|Statins (Cardiovascular Agents),0
NCT04342806,4/10/2020,12/31/2099,Observational [Patient Registry],"Healthcare Worker Exposure Response and Outcomes (HERO) Registry Study, COVID-19",Recruiting,NA,Duke University,NA,https://pubmed.ncbi.nlm.nih.gov/33694071,https://clinicaltrials.gov/ct2/show/NCT04342806,1,0,1,United States,0,3,NA,0
NCT04702945,3/1/2020,12/31/2022,Observational [Patient Registry],Canadian COVID-19 Emergency Department Registry,Recruiting,NA,University of British Columbia,NA,https://pubmed.ncbi.nlm.nih.gov/33731427,https://clinicaltrials.gov/ct2/show/NCT04702945,1,0,1,Canada,0,0,NA,0
NCT04670003,1/2/2021,3/30/2021,Observational [Patient Registry],Spread Analysis of COVID-19 Outbreak in France by Self-assessment Web-application,Completed,NA,Weprom,NA,https://pubmed.ncbi.nlm.nih.gov/33878018,https://clinicaltrials.gov/ct2/show/NCT04670003,1,0,1,France,0,1,users,0
NCT04318314,3/18/2020,12/31/2020,Observational [Patient Registry],COVID-19: Healthcare Worker Bioresource: Immune Protection and Pathogenesis in SARS-CoV-2,Recruiting,NA,"University College, London",NA,https://pubmed.ncbi.nlm.nih.gov/33880438,https://clinicaltrials.gov/ct2/show/NCT04318314,1,0,1,United Kingdom,0,3,COPAN swabbing and blood sample collection,0
NCT04581187,12/2/2020,12/31/2022,Observational [Patient Registry],An Online-platform to Improve Patient-centered Care During the COVID-19 Pandemic: a GIMEMA Surveillance Program in Hematologic Malignancies,Recruiting,NA,Gruppo Italiano Malattie EMatologiche dell'Adulto,NA,https://pubmed.ncbi.nlm.nih.gov/33890580,https://clinicaltrials.gov/ct2/show/NCT04581187,1,0,1,Italy,0,1,Quality of life assessment,0
NCT04385797,5/4/2020,12/31/2020,Observational [Patient Registry],Cognitive Outcomes During COVID-19 confiNemeNt in Elderly and Their Caregivers Using Technologies for DEMentia,"Active, not recruiting",NA,FundaciÃ³n PÃºblica Andaluza para la InvestigaciÃ³n de MÃ¡laga en Biomedicina y Salud,NA,https://pubmed.ncbi.nlm.nih.gov/33909588,https://clinicaltrials.gov/ct2/show/NCT04385797,1,0,1,Spain,0,3,Telephone interview,0
NCT04387929,5/4/2020,5/30/2021,Observational [Patient Registry],Detection of Anti-COVID-19 Antibody Levels in an Hospital Population,Recruiting,NA,Istituto Clinico Humanitas,NA,https://pubmed.ncbi.nlm.nih.gov/33956667,https://clinicaltrials.gov/ct2/show/NCT04387929,1,0,1,Italy,0,1,Detection of anti-COVID-19 antibody level,0
NCT04558996,3/1/2020,12/31/2020,Observational [Patient Registry],Spanish Registry of Pregnant Women With COVID-19,Recruiting,NA,Puerta de Hierro University Hospital,NA,https://pubmed.ncbi.nlm.nih.gov/33972083,https://clinicaltrials.gov/ct2/show/NCT04558996,1,0,1,Spain,0,0,NA,0
NCT04363632,4/2/2020,6/30/2020,Observational [Patient Registry],Prospective Analysis of Morbi-mortality of Patients With Cancers in Active Phase of Treatment Suspected or Diagnosed of a SARS-CoV-2 Infection,Completed,NA,Centre Leon Berard,NA,https://pubmed.ncbi.nlm.nih.gov/34135471,https://clinicaltrials.gov/ct2/show/NCT04363632,1,0,1,France,0,3,NA,0
NCT04611269,3/20/2020,10/31/2020,Observational [Patient Registry],Clinical Characteristics and Outcomes of Patients With COVID-19 on Mechanical Ventilation in Argentina,Completed,NA,Argentinian Intensive Care Society,NA,https://pubmed.ncbi.nlm.nih.gov/34224674,https://clinicaltrials.gov/ct2/show/NCT04611269,1,5,6,Argentina,0,3,NA,0
NCT04357275,3/13/2020,3/31/2021,Observational [Patient Registry],The RIsk Stratification in COVID-19 Patients in the ICU Registry,Recruiting,NA,University of Zurich,NA,https://pubmed.ncbi.nlm.nih.gov/34291810,https://clinicaltrials.gov/ct2/show/NCT04357275,1,0,1,Switzerland,0,0,ICU treatment,0
NCT04359927,4/20/2020,8/31/2021,Observational [Patient Registry],Long-term Effects of Coronavirus Disease 2019 on the Cardiovascular System: CV COVID-19 Registry,Recruiting,NA,Hospital Clinic of Barcelona,NA,https://pubmed.ncbi.nlm.nih.gov/34324524,https://clinicaltrials.gov/ct2/show/NCT04359927,1,0,1,Spain,0,2,NA,0
NCT04709302,2/1/2021,6/30/2022,Observational [Patient Registry],Effects of COVID-19 on Endothelium in HIV-Positive Patients in Sub-Saharan Africa,Recruiting,NA,Medical University of Graz,NA,https://pubmed.ncbi.nlm.nih.gov/34332551,https://clinicaltrials.gov/ct2/show/NCT04709302,1,0,1,Nigeria|South Africa,0,1,COVID-19|HIV|ART,0
NCT04353583,4/21/2020,12/31/2021,Observational [Patient Registry],Renal Outcome in Patients With COVID-19,Recruiting,NA,University of Giessen,NA,https://pubmed.ncbi.nlm.nih.gov/34373917,https://clinicaltrials.gov/ct2/show/NCT04353583,1,0,1,Germany,0,10,NA,0
NCT04877496,4/26/2021,8/30/2021,Observational [Patient Registry],Responses to COVID19 Vaccination in Patients With a Treatment History of Rituximab.,Recruiting,NA,"University Hospital Inselspital, Berne",NA,https://pubmed.ncbi.nlm.nih.gov/34514436,https://clinicaltrials.gov/ct2/show/NCT04877496,1,0,1,Switzerland,0,1,History of exposure to anti-CD20 treatment since 01/01/2010|Completion of COVID19 vaccine at least 4 weeks ago,0
NCT04433364,6/2/2020,6/2/2021,Observational [Patient Registry],COPE - COVID-19 in Pregnancy and Early Childhood,Recruiting,NA,"Sahlgrenska University Hospital, Sweden",NA,https://pubmed.ncbi.nlm.nih.gov/34521667,https://clinicaltrials.gov/ct2/show/NCT04433364,1,0,1,Sweden,0,1,"biological samples, questionnaires and interviews",0
NCT04743388,1/4/2021,11/30/2021,Observational [Patient Registry],Study of the Kinetics of Antibodies Against COVID-19 (SARS-CoV-2) and of Cellular Subpopulations of the Immune System,Recruiting,NA,National and Kapodistrian University of Athens,NA,https://pubmed.ncbi.nlm.nih.gov/34529762,https://clinicaltrials.gov/ct2/show/NCT04743388,1,0,1,Greece,0,1,BNT162b2|Other vaccine against SARS-Cov-2,0
NCT04780126,2/26/2021,4/30/2021,Observational [Patient Registry],Sarco-COVID Study: Measuring the Loss of Skeletal Muscle Mass in the Hospitalized Patient With the Diagnosis of COVID-19,Recruiting,NA,Fundacion para la Investigacion Biomedica del Hospital Universitario la Paz,NA,https://pubmed.ncbi.nlm.nih.gov/21475695,https://clinicaltrials.gov/ct2/show/NCT04780126,0,5,5,Spain,0,0,Sarcopenia diagnosis,0
NCT04511429,6/30/2020,10/31/2020,Observational [Patient Registry],COVID-19 in Immunosuppressed Children,Recruiting,NA,D'Or Institute for Research and Education,NA,https://pubmed.ncbi.nlm.nih.gov/29538674,https://clinicaltrials.gov/ct2/show/NCT04511429,0,5,5,Brazil,0,0,NA,0
NCT04503434,5/15/2020,5/31/2020,Observational [Patient Registry],Patients' Experiences in a Medicalized Hotel for COVID-19 Acute Care Support,Completed,NA,Hospital Clinic of Barcelona,NA,https://pubmed.ncbi.nlm.nih.gov/30127696,https://clinicaltrials.gov/ct2/show/NCT04503434,0,3,3,Spain,0,0,NA,0
NCT04542512,10/1/2020,9/30/2021,Observational [Patient Registry],Risk Factors for Necrotic Cholecystitis During COVID-19 Pandemic.,Recruiting,NA,Poissy-Saint Germain Hospital,NA,https://pubmed.ncbi.nlm.nih.gov/30863805,https://clinicaltrials.gov/ct2/show/NCT04542512,0,6,6,France,0,4,NA,0
NCT05049200,4/1/2020,8/31/2020,Observational [Patient Registry],Characteristics of Weaning From Mechanical Ventilation in COVID-19,Completed,NA,Sanatorio Anchorena San Martin,NA,https://pubmed.ncbi.nlm.nih.gov/30930717,https://clinicaltrials.gov/ct2/show/NCT05049200,0,26,26,Argentina,0,0,NA,0
NCT04668404,8/24/2020,1/1/2021,Observational [Patient Registry],Study of Coagulation Profile and Role of Heparin Like Effect in Patients With COVID-19,Recruiting,NA,Postgraduate Institute of Medical Education and Research,NA,https://pubmed.ncbi.nlm.nih.gov/31024197,https://clinicaltrials.gov/ct2/show/NCT04668404,0,9,9,India,0,0,Sonoclot,0
NCT04679168,6/1/2020,12/31/2021,Observational [Patient Registry],Study on Kidney Disease and EnviromenTal Chemical,Recruiting,NA,Seoul National University Hospital,NA,https://pubmed.ncbi.nlm.nih.gov/31374441,https://clinicaltrials.gov/ct2/show/NCT04679168,0,3,3,"Korea, Republic of",0,1,NA,0
NCT05045885,3/1/2020,11/30/2020,Observational [Patient Registry],Safety and Feasibility of Percutaneous Dilatational Tracheostomy in Patients With Severe COVID-19 Supported by ECMO,Completed,NA,Hamad Medical Corporation,NA,https://pubmed.ncbi.nlm.nih.gov/31425269,https://clinicaltrials.gov/ct2/show/NCT05045885,0,15,15,Qatar,0,0,NA,0
NCT04661631,5/8/2020,7/31/2021,Observational [Patient Registry],Surgery and Lung Ultrasound in COVID-19 Infection,Recruiting,NA,Fundacion Clinica Valle del Lili,NA,https://pubmed.ncbi.nlm.nih.gov/31995857,https://clinicaltrials.gov/ct2/show/NCT04661631,0,24,24,Colombia,0,1,Lung ultrasound,0
NCT04800770,3/3/2021,6/15/2021,Observational [Patient Registry],The Effect of COVID-19 Patients' Serum Phosphate Level on Mortality in ICU,Recruiting,NA,Ankara City Hospital Bilkent,NA,https://pubmed.ncbi.nlm.nih.gov/32031570,https://clinicaltrials.gov/ct2/show/NCT04800770,0,3,3,Turkey,0,0,4C mortality score,0
NCT04379258,2/8/2021,2/8/2021,Observational [Patient Registry],Analysis of Mortality of Critically Ill Patients With COVID-19,Completed,NA,Hospital Universitario Getafe,NA,https://pubmed.ncbi.nlm.nih.gov/32105632,https://clinicaltrials.gov/ct2/show/NCT04379258,0,1,1,Spain,0,3,NA,0
NCT04418557,4/28/2020,7/31/2021,Observational [Patient Registry],COVID-19 and Obstetric Transmission,Recruiting,NA,University Hospitals Cleveland Medical Center,NA,https://pubmed.ncbi.nlm.nih.gov/32151335,https://clinicaltrials.gov/ct2/show/NCT04418557,0,1,1,United States,0,2,RT-PCR and antibody testing,0
NCT04333875,3/20/2020,12/31/2020,Observational [Patient Registry],Morbidity and Mortality Due to Deferral of Aortic Valve Replacement in Patients With Severe Aortic Stenosis,"Active, not recruiting",NA,"University Hospital Inselspital, Berne",NA,https://pubmed.ncbi.nlm.nih.gov/32171076,https://clinicaltrials.gov/ct2/show/NCT04333875,0,4,4,Switzerland,0,2,TAVR or SAVR,0
NCT04623697,11/1/2020,10/30/2023,Observational [Patient Registry],Covid-19 Infection and New Onset Type 1 Diabetes,Recruiting,NA,Hospital of South West Jutland,NA,https://pubmed.ncbi.nlm.nih.gov/32180188,https://clinicaltrials.gov/ct2/show/NCT04623697,0,9,9,Denmark,0,0,NA,0
NCT04453579,3/9/2020,5/4/2020,Observational [Patient Registry],"Bariatric Surgery During Lockdown, Impact of COVID-19 on Physical and Mental Health",Completed,NA,University of Rome Tor Vergata,NA,https://pubmed.ncbi.nlm.nih.gov/32294297,https://clinicaltrials.gov/ct2/show/NCT04453579,0,1,1,Italy,0,0,Telephonic interview during the Italian lockdown.,0
NCT04733729,3/1/2020,1/30/2021,Observational [Patient Registry],Covid-19 in Hematological Malignancies,Recruiting,NA,Sorveglianza Epidemiologica Infezioni Fungine Emopatie Maligne,NA,https://pubmed.ncbi.nlm.nih.gov/32473681,https://clinicaltrials.gov/ct2/show/NCT04733729,0,3,3,Italy,0,1,NA,0
NCT04836767,2/16/2021,1/1/2022,Observational [Patient Registry],Evaluation of Physical and Functional Status in Patients With COVID-19 in Long Term,"Active, not recruiting",NA,Hacettepe University,NA,https://pubmed.ncbi.nlm.nih.gov/32475821,https://clinicaltrials.gov/ct2/show/NCT04836767,0,1,1,Turkey,0,2,NA,0
NCT04443140,3/15/2020,7/1/2020,Observational [Patient Registry],Preeclampsia-like Syndrome Induced by COVID-19: Is it a Real Public Health Issue in Pregnancy During the Pandemic?,Completed,NA,Zeynep Kamil Maternity and Pediatric Research and Training Hospital,NA,https://pubmed.ncbi.nlm.nih.gov/32479682,https://clinicaltrials.gov/ct2/show/NCT04443140,0,1,1,Turkey,0,2,"PCR, lung ultrasound",0
NCT04929964,1/1/2020,1/31/2021,Observational [Patient Registry],COVID-19 Pandemic: Effect on Management of Patients With Breast Cancer,Completed,NA,Bahria University,NA,https://pubmed.ncbi.nlm.nih.gov/32715776,https://clinicaltrials.gov/ct2/show/NCT04929964,0,1,1,Pakistan,0,2,"MRM , Toilet Mastectomy , BCS",0
NCT04812041,1/21/2021,5/15/2021,Observational [Patient Registry],Relationship Between Delirium Severity by CAM-ICU 7 and 4C Mortality Score of the COVID-19 Patients in ICU,Recruiting,NA,Ankara City Hospital Bilkent,NA,https://pubmed.ncbi.nlm.nih.gov/32907855,https://clinicaltrials.gov/ct2/show/NCT04812041,0,2,2,Turkey,0,0,CAM-ICU 7 score|4C Mortality Score,0
NCT04948242,12/12/2019,6/1/2020,Observational [Patient Registry],Characteristics of Critically Ill Patients With Severe Acute Respiratory Syndrome Coronavirus 2 Infection (COVID-19),Recruiting,NA,Hospital Universitari Joan XXIII de Tarragona.,NA,https://pubmed.ncbi.nlm.nih.gov/33588914,https://clinicaltrials.gov/ct2/show/NCT04948242,0,1,1,Spain,0,1,NA,0
NCT04799444,10/1/2020,6/30/2022,Observational [Patient Registry],LATE-COVID/LATE-COVID-Kids - Observational Study in Children and Adults,Recruiting,NA,Polish Mother Memorial Hospital Research Institute,NA,https://pubmed.ncbi.nlm.nih.gov/34025853,https://clinicaltrials.gov/ct2/show/NCT04799444,0,1,1,Poland,0,0,NA,0
NCT05052346,3/30/2020,5/5/2020,Observational [Patient Registry],Association of the Neutrophil/Lymphocyte Ratio With Pulmonary Complications and Mortality in COVID-19 Patients,Completed,NA,Hospital General de Mexico,NA,NA,NA,NA,NA,NA,Mexico,0,0,NA,0
NCT05048745,3/15/2020,8/15/2020,Observational [Patient Registry],Recurrent Appendicitis Following Successful Drainage of Appendicular Abscess in Adult,Completed,NA,Zagazig University,NA,NA,NA,NA,NA,NA,Egypt,0,1,interval appendectomy,0
NCT05046002,8/11/2021,12/30/2022,Observational [Patient Registry],COVID-19 Vaccine-induced Inflammatory Heart Disease Prevalence Registry,Recruiting,NA,Ottawa Heart Institute Research Corporation,NA,NA,NA,NA,NA,NA,Canada,0,0,NA,0
NCT05026151,7/1/2019,12/31/2020,Observational [Patient Registry],Comparing Metabolic Characteristics of Persistent Critically Ill Non-COVID and COVID-19 Patients,"Active, not recruiting",NA,Centre Hospitalier Universitaire Vaudois,NA,NA,NA,NA,NA,NA,Switzerland,0,0,Nutrition therapy according to ICU protocol,0
NCT05012280,8/31/2021,12/31/2021,Observational [Patient Registry],Malaria as a Protection Factor Against Severe COVID-19 (Known as SARS-COV-2) in the Democratic Republic of Congo (Palu-COVID),Recruiting,NA,"Institute of Tropical Medicine, Belgium",NA,NA,NA,NA,NA,NA,"Congo, The Democratic Republic of the",0,1,NA,0
NCT05018052,5/29/2020,9/30/2022,Observational [Patient Registry],Early and Late Complications of COVID-19,"Active, not recruiting",NA,Saint Family Hospital Medical Center,NA,NA,NA,NA,NA,NA,Poland,0,0,NA,0
NCT05008991,7/20/2021,10/31/2021,Observational [Patient Registry],Lung Functions in Menopausal Obese Women After COVID 19 Recovery,Recruiting,NA,Badr University,NA,NA,NA,NA,NA,NA,Egypt,0,0,Spirometry,0
NCT04997928,1/18/2021,8/30/2021,Observational [Patient Registry],PAI-1 Levels and Predicting Covid-19 Patients' Prognosis,Recruiting,NA,Saglik Bilimleri Universitesi,NA,NA,NA,NA,NA,NA,Turkey,0,0,Serum PAI-1 alpha analysis.,0
NCT04996784,2/2/2021,2/9/2021,Observational [Patient Registry],Pharmacokinetics of Dexamethasone in COVID-19 Obese Patients,Completed,NA,"University Hospital, Geneva",NA,NA,NA,NA,NA,NA,Switzerland,0,0,Capillary blood sampling,0
NCT04865900,3/9/2021,4/30/2022,Observational [Patient Registry],Prevalence of Perimyocarditis After Covid-19 Vaccine,Recruiting,NA,Hillel Yaffe Medical Center,NA,NA,NA,NA,NA,NA,Israel,0,0,Laboratory Blood Tests|ECG|PCR|Antibody test|Echocardiography|MRI,0
NCT04990570,6/1/2019,6/7/2020,Observational [Patient Registry],Telemedicine (Virtual Clinic) for Pediatric Surgery During Covid-19 Pandemic,Completed,NA,Al-Azhar University,NA,NA,NA,NA,NA,NA,Saudi Arabia,0,2,Telemedicine in the form Virtual clinic via video consultation,0
NCT04979871,7/22/2021,9/30/2021,Observational [Patient Registry],SARS-CoV-2 Antibodies and Virus Neutralisation in a Cohort Vaccinted Against COVID-19,"Active, not recruiting",NA,University of Zurich,NA,NA,NA,NA,NA,NA,Switzerland,0,1,Venous bleeding,0
NCT04979195,3/1/2020,8/31/2020,Observational [Patient Registry],Acute Kidney Injury Among COVID-19 Positive Patients,Completed,NA,Hamid Al-Essa Organ Transplant Center,NA,NA,NA,NA,NA,NA,Kuwait,0,0,Patients with stable normal kidney function|Patients with unstable kidney function,0
NCT04964115,7/19/2021,5/31/2026,Observational [Patient Registry],Post Acute Sequelae of COVID-19,Recruiting,NA,Vanderbilt University Medical Center,NA,NA,NA,NA,NA,NA,United States,0,0,Cohort study,0
NCT04961476,1/8/2021,3/5/2021,Observational [Patient Registry],Use of 1-MNA to Improve Exercise Tolerance and Fatigue in Patients After COVID-19,Completed,NA,Saint Family Hospital Medical Center,NA,NA,NA,NA,NA,NA,Poland,0,1,1-MNA,0
NCT04958304,9/1/2021,12/9/2023,Observational [Patient Registry],Moderna COVID-19 Vaccine mRNA-1273 Observational Pregnancy Outcome Study,"Active, not recruiting",NA,"ModernaTX, Inc.",NA,NA,NA,NA,NA,NA,United States,0,1,NA,0
NCT04953039,11/19/2020,9/1/2021,Observational [Patient Registry],Use of Saliva for COVID-19 Diagnosis,Recruiting,NA,University of Milano Bicocca,NA,NA,NA,NA,NA,NA,Italy,0,0,NA,0
NCT04949412,6/11/2021,7/30/2021,Observational [Patient Registry],Assessment of Vitamin D Level in COVID-19,Recruiting,NA,Sohag University,NA,NA,NA,NA,NA,NA,Egypt,0,0,Vitamin D,0
NCT04948515,6/3/2021,8/30/2021,Observational [Patient Registry],Gene Polymorphism of IL17 and IL 23,Recruiting,NA,Sohag University,NA,NA,NA,NA,NA,NA,Egypt,0,0,laboratory test|laboratory test,0
NCT04948216,4/28/2020,5/13/2020,Observational [Patient Registry],Management and Healthcare Utilization of Patients With Chronic Airway Disease During the COVID-19 Epidemic,Completed,NA,Peking University Third Hospital,NA,NA,NA,NA,NA,NA,China,0,1,No intervention,0
NCT04945850,6/16/2021,6/16/2023,Observational [Patient Registry],Can COVID-19 Persist in Intraocular Fluid?,Recruiting,NA,Vanderbilt University Medical Center,NA,NA,NA,NA,NA,NA,United States,0,0,NA,0
NCT04941053,6/3/2021,8/30/2021,Observational [Patient Registry],Seroprevalence of COVID-19,Recruiting,NA,Sohag University,NA,NA,NA,NA,NA,NA,Egypt,0,1,laboratory test,0
NCT04924855,7/31/2021,7/1/2022,Observational [Patient Registry],Immunity After COVID-19 Vaccination,Recruiting,NA,"General Administration of Military Health, Tunisia",NA,NA,NA,NA,NA,NA,Tunisia,0,0,Blood sampling (4 per year),0
NCT04933994,1/1/2017,2/28/2020,Observational [Patient Registry],Comparison of COVID-19 and H1N1 Influenza Pneumonia,Completed,NA,"Second Affiliated Hospital, School of Medicine, Zhejiang University",NA,NA,NA,NA,NA,NA,NA,0,1,computed Tomography,0
NCT04922931,6/30/2020,3/5/2021,Observational [Patient Registry],Post-COVID 19 Patients Undergoing Surgery,Completed,NA,Hospital Universitari Vall d'Hebron Research Institute,NA,NA,NA,NA,NA,NA,Spain,0,2,scheduled surgery,0
NCT04920357,3/31/2021,3/31/2022,Observational [Patient Registry],"Immune Response to Vaccination Against Covid-19, a Follow up Study",Recruiting,NA,UmeÃ¥ University,NA,NA,NA,NA,NA,NA,Sweden,0,0,Vaccination,0
NCT04918901,5/1/2020,5/1/2021,Observational [Patient Registry],Comparative Analysis of Clinical Parameters and Radiographic Changes of Severe COVID-19,"Active, not recruiting",NA,"Second Affiliated Hospital, School of Medicine, Zhejiang University",NA,NA,NA,NA,NA,NA,China,0,0,NO Severe COVID-19,0
NCT04917549,9/2/2020,6/30/2021,Observational [Patient Registry],Prevalence of Oral Lesions in COVID-19 Patients,Enrolling by invitation,NA,Kafrelsheikh University,NA,NA,NA,NA,NA,NA,Egypt,0,0,detection of oral lesions,0
NCT04916561,5/15/2020,1/15/2021,Observational [Patient Registry],Detection of Covid-19 in Tissue Samples of Orthopedic Origin,Completed,NA,"Centre de l'arthrose, Paris",NA,NA,NA,NA,NA,NA,France,0,0,RT-PCR,0
NCT04907981,1/22/2021,4/26/2021,Observational [Patient Registry],Eye Detection to Identify Novel Coronavirus Infection,Completed,NA,"Wuhan Union Hospital, China",NA,NA,NA,NA,NA,NA,China,0,2,Novel coronavirus infection,0
NCT04898166,12/1/2020,3/31/2021,Observational [Patient Registry],Association of Androgenetic Alopecia and Severity of Coronavirus Disease 2019 (COVID-19).,Completed,NA,Jinnah Postgraduate Medical Centre,NA,NA,NA,NA,NA,NA,Pakistan,1,3,NA,0
NCT04896905,10/1/2020,2/28/2021,Observational [Patient Registry],Rehabilitation After Covid19-Clinical Results and Predictive Factors,Completed,NA,Klinik Valens,NA,NA,NA,NA,NA,NA,Switzerland,0,0,Rehabilitation,0
NCT04894253,6/7/2021,2/28/2023,Observational [Patient Registry],Immune Response to SARS-CoV-2 Vaccination in Systemic Lupus,Recruiting,NA,"University Hospital, Strasbourg, France",NA,NA,NA,NA,NA,NA,France,0,1,SRAS-CoV-2 vaccination immunological response,0
NCT04893031,3/1/2020,3/1/2021,Observational [Patient Registry],"Effect of Tocilizumab on Intensive Care Patients With COVID-19 Pneumonia, a Retrospective Cohort Study",Completed,NA,Karadeniz Technical University,NA,NA,NA,NA,NA,NA,Turkey,0,1,Tocilizumab,0
NCT04885504,2/8/2021,12/31/2025,Observational [Patient Registry],Post COVID-19 Biorepository,Recruiting,NA,University of Kansas Medical Center,NA,NA,NA,NA,NA,NA,United States,0,0,NA,0
NCT04883216,3/24/2021,11/24/2021,Observational [Patient Registry],Investigation of the Characteristics of Chronic Pain Developing After COVID-19,Recruiting,NA,Istanbul University,NA,NA,NA,NA,NA,NA,Turkey,0,0,NA,0
NCT04873336,4/1/2021,9/15/2021,Observational [Patient Registry],Closed Loop Ventilation in Patients With COVID-19,Recruiting,NA,Izmir Dr Suat Seren Chest Diseases and Surgery Education and Research Hospital,NA,NA,NA,NA,NA,NA,Turkey,0,0,Intellivent ASV,0
NCT04873141,4/28/2020,6/22/2020,Observational [Patient Registry],Tocilizumab and Cytokine Release Syndrome (CRS) In Covid-19 Pneumonia,Completed,NA,Shaheed Zulfiqar Ali Bhutto Medical University,NA,NA,NA,NA,NA,NA,Pakistan,0,0,Tocilizumab 200 Mg/10 mL (20 Mg/mL) INTRAVEN VIAL (ML),0
NCT04872725,3/1/2020,6/30/2020,Observational [Patient Registry],The Effect of Covid-19 Process,Completed,NA,Istanbul Medipol University Hospital,NA,NA,NA,NA,NA,NA,Turkey,0,1,Time management & participation & the leisure time activity,0
NCT04871867,9/1/2020,12/1/2021,Observational [Patient Registry],Cardiac and Lung Assessment of Professional Soccer Players Following COVID-19 Disease,Recruiting,NA,American Hospital of Paris,NA,NA,NA,NA,NA,NA,France,0,1,NA,0
NCT04868864,5/15/2021,9/30/2022,Observational [Patient Registry],The Ontario Multi-Regional Hospital COVID-19 Registry (COREG)- Recovery Trajectory Sub-study,Recruiting,NA,McMaster University,NA,NA,NA,NA,NA,NA,Canada,0,2,CT scan|Pulmonary Function Test,0
NCT04864132,5/27/2021,10/30/2021,Observational [Patient Registry],The Investigation Of Exercise Capacity And Exercise-Induced Fatigue in Young Adults Who Survived From Coronavirus,Recruiting,NA,Biruni University,NA,NA,NA,NA,NA,NA,Turkey,0,3,6-minute walk test|Incremental shuttle walk test,0
NCT04863547,3/11/2021,4/30/2021,Observational [Patient Registry],Severity of the New UK SARS-Cov2 Variant in COVID-19 Infection,Recruiting,NA,"ANRS, Emerging Infectious Diseases",NA,NA,NA,NA,NA,NA,France|Martinique,0,0,Data collection,0
NCT04852796,4/1/2021,4/1/2022,Observational [Patient Registry],Efficacy and Safety of the Anti- COVID-19 Vaccin in Clinical Hematology Patients,Recruiting,NA,Centre Hospitalier de Cornouaille,NA,NA,NA,NA,NA,NA,France,0,0,Patients with hemopathy,0
NCT04845997,7/1/2021,6/30/2022,Observational [Patient Registry],COVID-19 Vaccination in Patients With Rheumatic Diseases,Recruiting,NA,Sociedad Argentina de Reumatologia,NA,NA,NA,NA,NA,NA,Argentina,0,2,COVID-19 Vaccine,0
NCT04844515,4/9/2021,4/23/2021,Observational [Patient Registry],The ESPERES Prospective Cohort of Healthcare Workers in France: Study on COVID-19 Vaccine and the COVID-19 Pandemic (ESPERES_COVID19),Recruiting,NA,Assistance Publique - HÃ´pitaux de Paris,NA,NA,NA,NA,NA,NA,France,0,1,NA,0
NCT04840953,12/1/2020,1/1/2021,Observational [Patient Registry],"Negative Pressure Therapy, Minimally Invasive and Accessible Technique in the Treatment of Massive Subcutaneous Emphysema in COVID-19 or Non Infected Critical Patients",Completed,NA,FundaciÃ³n para el Fomento de la InvestigaciÃ³n Sanitaria y BiomÃ©dica de la Comunitat Valenciana,NA,NA,NA,NA,NA,NA,Spain,0,0,VÃ§ac,0
NCT04839107,4/14/2020,12/31/2021,Observational [Patient Registry],Institutional Registry on Outpatient and Hospitalized COVID-19 Infected Patients,Recruiting,NA,Hospital Italiano de Buenos Aires,NA,NA,NA,NA,NA,NA,Argentina,0,1,NA,0
NCT04830683,4/27/2020,3/25/2021,Observational [Patient Registry],Endothelial Dysfunction in Covid-19,Recruiting,NA,Cliniques universitaires Saint-Luc- UniversitÃ© Catholique de Louvain,NA,NA,NA,NA,NA,NA,Belgium,0,1,NA,0
NCT04828915,2/1/2021,7/31/2021,Observational [Patient Registry],Early Detection of Clinical Deterioration in Patients With COVID-19 Using Machine Learning,Recruiting,NA,University Hospital Tuebingen,NA,NA,NA,NA,NA,NA,Germany,0,0,Machine learning|Machine based evaluation,0
NCT04826718,7/31/2021,3/31/2022,Observational [Patient Registry],SARS-CoV-2/COVID-19 Infection Among Health Care Workers,Enrolling by invitation,NA,Universidade de Cabo Verde,NA,NA,NA,NA,NA,NA,Cape Verde,0,2,Questionaire,0
NCT04824677,5/18/2020,12/31/2021,Observational [Patient Registry],Risk Factors and Prognoses in Patients Hospitalized for COVID-19,Recruiting,NA,Sociedad EspaÃ±ola de NeumologÃ­a y CirugÃ­a TorÃ¡cica,NA,NA,NA,NA,NA,NA,Spain,0,0,Hospital treatment of COVID disease,0
NCT04824313,3/1/2020,7/31/2020,Observational [Patient Registry],Vascular Abnormalities Detected With Chest CT in COVID-19,"Active, not recruiting",NA,University of Lausanne,NA,NA,NA,NA,NA,NA,Switzerland,0,0,Chest CT|Chest CTA,0
NCT04823182,2/16/2021,9/22/2021,Observational [Patient Registry],Study of HEarT DiseAse and ImmuNiTy After COVID-19 in Ireland,"Active, not recruiting",NA,Cardiovascular Research Institute Dublin,NA,NA,NA,NA,NA,NA,Ireland,0,2,Cardiovascular Magnetic Resonance Imaging,0
NCT04819282,9/10/2020,12/30/2020,Observational [Patient Registry],Mask Usage and Physical Performance During COVID-19 Pandemic in Geriatrics,Completed,NA,KTO Karatay University,NA,NA,NA,NA,NA,NA,Turkey,0,1,Senior Fitness Test,0
NCT04811456,5/25/2020,5/25/2025,Observational [Patient Registry],MultiOrgan Inflammatory Syndromes COVID-19 Related Study,Recruiting,NA,Medical University of Warsaw,NA,NA,NA,NA,NA,NA,Poland,0,1,multisystem inflammatory syndrome in children (MIS-C),0
NCT04807699,7/25/2020,10/25/2021,Observational [Patient Registry],Collaborative Network for Generating Scientific Evidence in COVID-19 For the Unified Health System in Brazil - RECOVER SUS-BRASIL,Enrolling by invitation,NA,Evandro Chagas National Institute of Infectious Disease,NA,NA,NA,NA,NA,NA,Brazil,0,0,Data collection,0
NCT04806620,5/1/2020,5/1/2025,Observational [Patient Registry],Comparison of ME/CFS and Long COVID-19 Patients,Recruiting,NA,Solve ME/CFS Initiative,NA,NA,NA,NA,NA,NA,United States,0,1,NA,0
NCT04806880,2/1/2021,8/1/2021,Observational [Patient Registry],Study Evaluating the Olfactory Recovery of Anosmia Post COVID-19 by Olfactory Rehabilitation Assisted by Web-application,Recruiting,NA,Weprom,NA,NA,NA,NA,NA,NA,France,0,0,Web-application,0
NCT04794387,8/27/2021,2/23/2031,Observational [Patient Registry],The Lymphoma and Leukemia Society Amended COVID-19 Registry,Recruiting,NA,Lymphoma and Leukemia Society,NA,NA,NA,NA,NA,NA,United States,0,2,Amended LLS COVID-19 Registry,0
NCT04787510,12/23/2020,5/23/2021,Observational [Patient Registry],COVID-19 Disease and Coagulopathy: Assessment of Clotting Factor Levels in Patients With SARS-CoV-2 Infection,Recruiting,NA,"University Hospital, Ioannina",NA,NA,NA,NA,NA,NA,Greece,0,1,low molecular weight Heparin as standard of care treatment,0
NCT04779268,5/1/2020,8/26/2020,Observational [Patient Registry],Large Scale ICU Data Sharing for 1000 Critically Ill Patients With Severe Acute Respiratory Distress Syndrome coronavirus2(SARS.COV2) in Three Distinct Isoltion Centers,Completed,NA,Minia University,NA,NA,NA,NA,NA,NA,Egypt,0,0,NA,0
NCT04779346,12/21/2020,12/31/2021,Observational [Patient Registry],Immunity Against Severe Acute Respiratory Syndrome Coronavirus 2 Disease (COVID-19) in the Oncology Outpatient Setting,Recruiting,NA,UniversitÃ¤tsklinikum Hamburg-Eppendorf,NA,NA,NA,NA,NA,NA,Germany,0,1,NA,0
NCT04769154,3/2/2021,2/28/2023,Observational [Patient Registry],Airway Management in the Intensive Care and Regular Hospital Units During COVID-19 Pandemic,Recruiting,NA,American University of Beirut Medical Center,NA,NA,NA,NA,NA,NA,Lebanon,0,2,NA,0
NCT04768413,6/1/2020,4/30/2021,Observational [Patient Registry],Evaluation of a Non-face to Face Multidisciplinary Health Care Model in a Population With Rheumatoid Arthritis,Recruiting,NA,FundaciÃ³n Universitaria de Ciencias de la Salud,NA,NA,NA,NA,NA,NA,Colombia,0,0,Teleconsultation either by phone or by computer consultation. Quantitative and qualitative approaches to analysis|Care modalities. Quantitative and qualitative approaches to analysis,0
NCT04758039,3/13/2020,7/10/2020,Observational [Patient Registry],Clinical Characteristics and In-hospital Death of a Chilean COVID-19 Prospective Cohort,Completed,NA,University of Chile,NA,NA,NA,NA,NA,NA,Chile,0,1,NA,0
NCT04757285,5/10/2020,10/30/2020,Observational [Patient Registry],Copeptin and Psychological Stress of Medic During COVID-19 Pandemic,Completed,NA,Alexandria University,NA,NA,NA,NA,NA,NA,Egypt,0,0,NA,0
NCT04747678,2/3/2021,2/28/2021,Observational [Patient Registry],Adverse Effects of Ivermectin Used in Egypt During COVID-19,Enrolling by invitation,NA,Menoufia University,NA,NA,NA,NA,NA,NA,Egypt,0,0,Ivermectin,0
NCT04747366,11/6/2020,11/1/2025,Observational [Patient Registry],"Analysis of the Pathophysiology and Pathology of Coronavirus Disease 2019 (COVID-19), Including Chronic Morbidity",Recruiting,NA,"Charite University, Berlin, Germany",NA,NA,NA,NA,NA,NA,Germany,0,0,NA,0
NCT04745611,12/12/2020,9/30/2021,Observational [Patient Registry],Neurological and Neuropsychological Sequelae of COVID-19 Infection,Recruiting,NA,Maastricht University,NA,NA,NA,NA,NA,NA,Netherlands,0,0,MRI|Neuropsychological assessment|Questionnaires Patient|Questionnaires Family,0
NCT04744415,11/9/2020,2/9/2021,Observational [Patient Registry],Hospitalizations During Pandemia in the Italian Coronary Care Unit Network,Completed,NA,Heart Care Foundation,NA,NA,NA,NA,NA,NA,Italy,0,1,Epidemiology of admissions,0
NCT04741412,6/3/2020,5/31/2021,Observational [Patient Registry],"Pediatric SARS-CoV-2 Infections: Course of COVID-19, Immune Responses, Complications and Long-term Consequences",Completed,NA,University Hospital Erlangen,NA,NA,NA,NA,NA,NA,Germany,0,2,NA,0
NCT04741386,2/17/2021,4/5/2022,Observational [Patient Registry],The REnal Patients COVID-19 VACcination Immune Response (RECOVAC IR) Study,"Active, not recruiting",NA,University Medical Center Groningen,NA,NA,NA,NA,NA,NA,Netherlands,0,2,SARS-CoV-2 vaccination,0
NCT04740320,12/15/2020,6/23/2021,Observational [Patient Registry],COVID-19 SARS-CoV-2 Screening Protocol,Completed,NA,Imperial College London,NA,NA,NA,NA,NA,NA,United Kingdom,0,2,NA,0
NCT04738721,2/5/2021,4/4/2021,Observational [Patient Registry],Physical Activity and Physical Fitness Parameters in COVID-19 Lockdown,Completed,NA,Medipol University,NA,NA,NA,NA,NA,NA,Turkey,0,5,Evaluation,0
NCT04730934,1/1/2021,2/25/2021,Observational [Patient Registry],Effects of the COVID-19 Pandemic on Fibromyalgia Patients,Completed,NA,Kars State Hospital,NA,NA,NA,NA,NA,NA,Turkey,0,2,"Perceived stress scale|Fibromyalgia impact questionnaire|The drugs used before and during the pandemic, the patient's job status, physical activity conditions, pain status",0
NCT04729075,1/19/2021,1/19/2021,Observational [Patient Registry],"Associations Between COVID-19 ARDS Treatment, Clinical Trajectories and Liberation From Mechanical Ventilator - an Analysis of the NorthCARDS Dataset",Completed,NA,Northwell Health,NA,NA,NA,NA,NA,NA,United States,0,0,ARDS and COVID19 treatments,0
NCT04727372,1/23/2021,2/23/2021,Observational [Patient Registry],Social Acceptability of COVID-19 Vaccines in Pakistan,Completed,NA,Islamia University of Bahawalpur,NA,NA,NA,NA,NA,NA,Pakistan,0,1,Questionnaire,0
NCT04724707,9/11/2020,12/31/2021,Observational [Patient Registry],Russian Cardiovascular Registry of COVID-19,Recruiting,NA,"Federal State Budgetary Institution, V. A. Almazov Federal North-West Medical Research Centre, of the Ministry of Health",NA,NA,NA,NA,NA,NA,Russian Federation,0,0,NA,0
NCT04720118,3/1/2021,4/30/2021,Observational [Patient Registry],Parkinson's Disease and Experiences Throughout the COVID-19 Pandemic,Recruiting,NA,Towson University,NA,NA,NA,NA,NA,NA,United States,0,2,No Intervention,0
NCT04711954,11/1/2020,11/1/2021,Observational [Patient Registry],HIV/COV in Ukraine-NL,Recruiting,NA,Erasmus Medical Center,NA,NA,NA,NA,NA,NA,Netherlands|Ukraine,0,0,NA,0
NCT04709120,1/11/2021,5/31/2021,Observational [Patient Registry],Analysis of Health Status of Ð¡omorbid Adult COVID-19 Patients Hospitalised in Second Wave of SARS-CoV-2 Infection,Recruiting,NA,Eurasian Association of Therapists,NA,NA,NA,NA,NA,NA,Russian Federation,0,3,NA,0
NCT04705766,3/1/2021,3/31/2022,Observational [Patient Registry],KIDney Injury in Times of COVID-19 (KIDCOV),Recruiting,NA,"University of California, San Francisco",NA,NA,NA,NA,NA,NA,United States,0,2,Urine Collection,0
NCT04705116,6/1/2021,12/31/2025,Observational [Patient Registry],COVID-19 Vaccines International Pregnancy Exposure Registry,Recruiting,NA,Pregistry,NA,NA,NA,NA,NA,NA,United States,0,4,COVID-19 vaccine,0
NCT04694651,12/15/2020,1/30/2021,Observational [Patient Registry],Potential Acceptance of COVID-19 Vaccines in Healthcare Workers in Egypt,Recruiting,NA,Assiut University,NA,NA,NA,NA,NA,NA,Egypt,0,0,NA,0
NCT04694573,12/28/2020,12/28/2021,Observational [Patient Registry],Multicenter CTS Pre-and Post-Transplantation Covid-19 Serum Studies,Recruiting,NA,Heidelberg University,NA,NA,NA,NA,NA,NA,Germany,0,1,NA,0
NCT04693975,10/16/2020,10/31/2022,Observational [Patient Registry],Social Distancing During the COVID-19 Pandemic and People Living With Chronic Respiratory Diseases,Recruiting,NA,Universidade Estadual de Londrina,NA,NA,NA,NA,NA,NA,Brazil,0,0,NA,0
NCT04691895,5/1/2020,9/30/2020,Observational [Patient Registry],Gastrointestinal Symptoms in COVID-19,"Active, not recruiting",NA,University of Bologna,NA,NA,NA,NA,NA,NA,Italy,0,1,SARS-CoV2 infection,0
NCT04690114,10/1/2020,5/31/2021,Observational [Patient Registry],COVID-10 in the Pediatric Population: SARS-CoV-2 Seropositivity,Recruiting,NA,Shaare Zedek Medical Center,NA,NA,NA,NA,NA,NA,Israel,0,1,NA,0
NCT04689477,5/25/2020,12/31/2021,Observational [Patient Registry],Non-invasive Characterization of Systemic Microvascular Reactivity by Near-infrared Diffuse Optical Spectroscopy in COVID-19 Patients,Recruiting,NA,Corporacion Parc Tauli,NA,NA,NA,NA,NA,NA,Brazil|Mexico|Spain,0,0,Vascular occlusion test,0
NCT04686721,12/20/2020,9/30/2021,Observational [Patient Registry],Observational Study for the Evaluation of Tracheal Stenosis in COVID-19 Patients,Recruiting,NA,Istituto Clinico Humanitas,NA,NA,NA,NA,NA,NA,Italy,0,2,Chest CT scan + baseline spirometry,0
NCT04678193,12/24/2020,6/30/2021,Observational [Patient Registry],COVID-19 Risk Assessment for Hospitalization Outcomes and Epidemiology Efficacy,Recruiting,NA,"Aventyn, Inc.",NA,NA,NA,NA,NA,NA,United States|India|Sweden,0,2,Coromec Registry with ECL-19,0
NCT04673279,12/2/2020,8/20/2021,Observational [Patient Registry],Long-term COVID-19 Immune Response in a Vulnerable Neighbourhood in Argentina,Completed,NA,Hospital Italiano de Buenos Aires,NA,NA,NA,NA,NA,NA,Argentina,0,1,serology,0
NCT04668313,9/29/2020,12/30/2020,Observational [Patient Registry],COVID-19 Advanced Respiratory Physiology (CARP) Study,Recruiting,NA,NHS Greater Glasgow and Clyde,NA,NA,NA,NA,NA,NA,United Kingdom,0,0,NA,0
NCT04666779,12/18/2020,2/21/2021,Observational [Patient Registry],Access to Chiropractic Care During the COVID-19 Pandemic,Completed,NA,Real Centro Universitario Maria Cristina,NA,NA,NA,NA,NA,NA,Spain,0,5,Chiropractic care,0
NCT04661657,12/28/2020,12/31/2021,Observational [Patient Registry],COvid-19 LongitUdinal Multiethnic BioImaging Assessment of CARDiovascular Sequelae Registry,Recruiting,NA,Columbia University,NA,NA,NA,NA,NA,NA,United States,0,1,Transthoracic echocardiogram (TTE)|Cardiovascular Magnetic Resonance (CMR) Imaging,0
NCT04659135,4/19/2020,12/31/2022,Observational [Patient Registry],ASCO Survey on COVID-19 in Oncology (ASCO) Registry,Recruiting,NA,American Society of Clinical Oncology,NA,NA,NA,NA,NA,NA,United States,0,0,NA,0
NCT04650191,3/1/2020,6/30/2021,Observational [Patient Registry],Surfactant Protein Genetic Variants in COVID-19 Infection,"Active, not recruiting",NA,Milton S. Hershey Medical Center,NA,NA,NA,NA,NA,NA,United States,0,1,Identification of genetic variants,0
NCT04641182,7/6/2020,8/16/2020,Observational [Patient Registry],Prone Position for Nonintubated Patients With COVID-19 and Hypoxemic Respiratory Failure,Completed,NA,Pontificia Universidad Catolica de Chile,NA,NA,NA,NA,NA,NA,Chile,0,0,Prone position,0
NCT04636021,8/1/2020,12/31/2021,Observational [Patient Registry],Restoring Non-Emergent Cardiovascular Care in the Peri- COVID-19 Era,Recruiting,NA,Pinnacle Health Cardiovascular Institute,NA,NA,NA,NA,NA,NA,United States,0,0,COVID-19 testing,0
NCT04632732,10/26/2020,10/7/2021,Observational [Patient Registry],Apelin; ACE2 and Biomarkers of Alveolar-capillary Permeability in SARS-cov-2 (COVID-19).,Recruiting,NA,Centre de recherche du Centre hospitalier universitaire de Sherbrooke,NA,NA,NA,NA,NA,NA,Canada,0,1,COVID-19 test|Blood sampling,0
NCT04631172,5/1/2020,9/30/2020,Observational [Patient Registry],Covid-19 Anxiety and Phobia Levels of the Parents,Completed,NA,Selcuk University,NA,NA,NA,NA,NA,NA,Turkey,0,1,"Coronavirus Anxiety Scale , COVID-19 Phobia Scale",0
NCT04629001,9/1/2020,9/1/2021,Observational [Patient Registry],Effect of Covid-19 on Outcomes of Pregnancy,"Active, not recruiting",NA,Assiut University,NA,NA,NA,NA,NA,NA,Egypt,0,0,"Covid-19 PCR , IGM",0
NCT04626076,8/13/2020,6/30/2021,Observational [Patient Registry],International Registry of Healthcare Workers Exposed to COVID-19 Patients,Recruiting,NA,Certara,NA,NA,NA,NA,NA,NA,Pakistan,0,0,Comparative Observational Cohort Study,0
NCT04625036,5/30/2020,4/30/2021,Observational [Patient Registry],NO-mediated Vascular Function in Covid-19 Patient,Recruiting,NA,Istituti Clinici Scientifici Maugeri SpA,NA,NA,NA,NA,NA,NA,Italy,0,1,Single passive leg movement,0
NCT04619368,7/27/2020,7/31/2022,Observational [Patient Registry],Post-intensive Care Follow-up of Patients Hospitalized for an Acute Respiratory Distress Syndrome Caused by COVID-19,Recruiting,NA,"University Hospital, Toulouse",NA,NA,NA,NA,NA,NA,France,0,0,Follow up calls,0
NCT04615026,11/4/2020,6/30/2021,Observational [Patient Registry],Prevalence of Thrombosis in COVID-Patients,Recruiting,NA,University Hospital Augsburg,NA,NA,NA,NA,NA,NA,Germany,0,0,duplex sonography,0
NCT04615676,4/27/2020,7/17/2020,Observational [Patient Registry],Prospective Evaluation of the Predictive Criteria of Severity for Respiratory Infection Due to COVID-19 Virus,Completed,NA,"University Hospital, Toulouse",NA,NA,NA,NA,NA,NA,France,0,1,Follow-up phone call,0
NCT04615000,10/29/2020,11/1/2021,Observational [Patient Registry],SeroCovid<19: A Prospective Covid-19 Seroconversion Study in a Tertiary Pediatric Patient Cohort,Recruiting,NA,"University Hospital, Ghent",NA,NA,NA,NA,NA,NA,Belgium,0,0,SARS-CoV-2 serological assessment (IgG),0
NCT04613817,12/3/2020,6/30/2021,Observational [Patient Registry],Sero-prevalence COVID-19 Among Belgian Children,Recruiting,NA,Sciensano,NA,NA,NA,NA,NA,NA,Belgium,0,1,NA,0
NCT04613245,5/1/2020,1/30/2021,Observational [Patient Registry],Health-Related Quality of Life of Patients With Asthma During the Pandemic of COVID-19,Recruiting,NA,Cairo University,NA,NA,NA,NA,NA,NA,Egypt,0,1,NA,0
NCT04610515,12/15/2020,11/14/2022,Observational [Patient Registry],Innovative Support for Patients With SARS-COV2 Infections (COVID-19) Registry (INSPIRE),Recruiting,NA,Rush University Medical Center,NA,NA,NA,NA,NA,NA,United States,0,3,NA,0
NCT04609501,6/1/2020,6/30/2023,Observational [Patient Registry],"Delivery During Covid-19 Pandemic: Implications for Obstetrics, Maternal Psychopathology, and Mother-Infant Relationship","Active, not recruiting",NA,Hillel Yaffe Medical Center,NA,NA,NA,NA,NA,NA,Israel,0,1,NA,0
NCT04609332,11/10/2020,8/31/2021,Observational [Patient Registry],Endothelial Damage and Angiogenesis Biomarkers During COVID-19,"Active, not recruiting",NA,University of Chile,NA,NA,NA,NA,NA,NA,Chile,0,4,Endothelial damage and angiogenic biomarkers,0
NCT04606732,9/20/2020,12/31/2021,Observational [Patient Registry],CardioVascular Disease Progression and Prognosis in COVID-19,Recruiting,NA,University of Bologna,NA,NA,NA,NA,NA,NA,Italy,0,1,NA,0
NCT04605965,6/9/2020,6/30/2022,Observational [Patient Registry],WEAICOR: Wearables to Investigate the Long Term Cardiovascular and Behavioral Impacts of COVID-19,Recruiting,NA,Tulane University,NA,NA,NA,NA,NA,NA,United States,0,1,NA,0
NCT04604119,5/1/2020,5/30/2020,Observational [Patient Registry],Anxiety and Burnout in Anesthetists and Intensive Care Unit Nurses During Covid-19 Pandemic,Completed,NA,Sisli Hamidiye Etfal Training and Research Hospital,NA,NA,NA,NA,NA,NA,Turkey,0,1,NA,0
NCT04601090,9/16/2020,9/30/2022,Observational [Patient Registry],Survival Rates and Longterm Outcomes After COVID-19,Recruiting,NA,Oslo University Hospital,NA,NA,NA,NA,NA,NA,Norway,0,1,ICU treatment,0
NCT04598347,8/8/2020,1/8/2022,Observational [Patient Registry],Evaluation of the Possible Vertical Transmission of SARS-CoV-2 Through Study of Amniotic Fluid and Chorionic Villi of Affected Pregnant Women for the COVID-19,Recruiting,NA,FundaciÃ³ Institut de Recerca de l'Hospital de la Santa Creu i Sant Pau,NA,NA,NA,NA,NA,NA,Spain,0,1,NA,0
NCT04598256,6/1/2020,8/31/2020,Observational [Patient Registry],Endoscopic Procedures of Children in the Normalization Process of Covid-19 Pandemic,Completed,NA,Tepecik Training and Research Hospital,NA,NA,NA,NA,NA,NA,Turkey,0,2,Endoscopic procedure,0
NCT04583566,10/4/2020,10/3/2021,Observational [Patient Registry],"Differential Expression of Cytokines, Transcriptome and miRNA in Coronavirus Disease 2019 (COVID-19) Egyptian's Patients",Recruiting,NA,Tanta University,NA,NA,NA,NA,NA,NA,Egypt,0,1,COVID-19 Diagnostic and Assessment Tests,0
NCT04583306,6/1/2020,12/15/2020,Observational [Patient Registry],The Salivary Raman COVID-19 Fingerprint,Recruiting,NA,Fondazione Don Carlo Gnocchi Onlus,NA,NA,NA,NA,NA,NA,Italy,0,0,"Raman analysis of saliva, characterization of the Raman database and building of the classification model",0
NCT04581135,5/1/2020,4/30/2023,Observational [Patient Registry],Study to Investigate Long-term Pulmonary and Extrapulmonary Effects of COVID-19,Recruiting,NA,"University Hospital Inselspital, Berne",NA,NA,NA,NA,NA,NA,Switzerland,0,0,COVID-19,0
NCT04581096,10/2/2020,2/15/2021,Observational [Patient Registry],Mapping COVID-19 Spread in a Tertiary Hospital,Recruiting,NA,Hospital General Universitario de Valencia,NA,NA,NA,NA,NA,NA,Spain,0,1,no intervention,0
NCT04573868,3/1/2020,6/30/2020,Observational [Patient Registry],"National Study ""AEC COVID-19""",Recruiting,NA,Hospitales Universitarios Virgen del RocÃ­o,NA,NA,NA,NA,NA,NA,Spain,0,0,NA,0
NCT04568421,8/18/2020,12/31/2021,Observational [Patient Registry],Argentinian Registry of Patients With Rheumatic Diseases and COVID-19 Infection,Recruiting,NA,Sociedad Argentina de Reumatologia,NA,NA,NA,NA,NA,NA,Argentina,0,0,Immunosuppressive Agents,0
NCT04568005,6/1/2020,8/1/2020,Observational [Patient Registry],Evaluation of Lymphedema Patients Status During Covid-19 Pandemic,Completed,NA,Fatih Sultan Mehmet Training and Research Hospital,NA,NA,NA,NA,NA,NA,Turkey,0,1,NA,0
NCT04560608,3/15/2020,1/31/2021,Observational [Patient Registry],"Elucidating the Symptomatic, Explanatory and Prognostic Characteristics of GERIAtric Patients Hospitalized for COVID-19",Recruiting,NA,"University Hospital, Angers",NA,NA,NA,NA,NA,NA,France,0,1,NA,0
NCT04559009,10/15/2020,12/31/2023,Observational [Patient Registry],COVID-19 Amyotrophic Lateral Sclerosis (ALS) Registry,Recruiting,NA,Atrium Health,NA,NA,NA,NA,NA,NA,United States,0,1,NA,0
NCT04558203,9/22/2020,8/25/2021,Observational [Patient Registry],"The Relationship Between COVID-19 and Autoimmune Diseases, Lessons From Practice",Recruiting,NA,ClinAmygate,NA,NA,NA,NA,NA,NA,Egypt,0,3,NA,0
NCT04553055,7/20/2020,9/15/2020,Observational [Patient Registry],Antibiotic Misuse During COVID-19 Pandemic,Completed,NA,Beni-Suef University,NA,NA,NA,NA,NA,NA,Egypt,0,1,online questionnaires,0
NCT04553575,9/25/2020,9/30/2022,Observational [Patient Registry],CoViD-19 Patient in Reims University Hospital in March to April 2020,Recruiting,NA,CHU de Reims,NA,NA,NA,NA,NA,NA,France,0,1,serology,0
NCT04546191,7/1/2020,9/1/2020,Observational [Patient Registry],Symptoms and Wellbeing of People Infected With Covid-19 Virus in Iceland,Completed,NA,Landspitali University Hospital,NA,NA,NA,NA,NA,NA,Iceland,0,1,NA,0
NCT04544878,3/26/2020,6/1/2021,Observational [Patient Registry],Pediatric Intensive Care and COVID-19,Recruiting,NA,Bicetre Hospital,NA,NA,NA,NA,NA,NA,France,0,0,NA,0
NCT04542954,3/1/2020,8/31/2020,Observational [Patient Registry],Optimized Management of Covid-19 Positive Kidney Transplant Recipients: Single Center Experience From the Middle East,Completed,NA,Hamid Al-Essa Organ Transplant Center,NA,NA,NA,NA,NA,NA,Kuwait,0,0,Optimized Management of Covid-19 Positive Kidney Transplant Recipients: Single Center Experience from the Middle East,0
NCT04535128,3/24/2020,12/31/2021,Observational [Patient Registry],"COVID-19 Registry to Assess Frequency, Risk Factors, Management, and Outcomes of Arterial and Venous Thromboembolic Complications",Recruiting,NA,Brigham and Women's Hospital,NA,NA,NA,NA,NA,NA,United States,0,1,No intervention,0
NCT04532632,9/1/2020,10/1/2020,Observational [Patient Registry],Taste and Smell Impairment in Critically Ill COVID-19 Patients,Completed,NA,Sisli Hamidiye Etfal Training and Research Hospital,NA,NA,NA,NA,NA,NA,Turkey,0,3,NA,0
NCT04531202,3/2/2020,9/30/2020,Observational [Patient Registry],CORE Study COVID-19,Recruiting,NA,D'Or Institute for Research and Education,NA,NA,NA,NA,NA,NA,Brazil,0,0,NA,0
NCT04527315,7/17/2020,8/31/2023,Observational [Patient Registry],COVID-19 Survivorship Registry,Recruiting,NA,NYU Langone Health,NA,NA,NA,NA,NA,NA,United States,0,2,Questionnaires,0
NCT04521088,7/2/2020,12/31/2020,Observational [Patient Registry],Epidemiological Analysis of Ambulant Patients in a COVID-19 Outpatient Clinic,Recruiting,NA,Wissenschaftliches Institut Bethanien e.V,NA,NA,NA,NA,NA,NA,Germany,0,1,NA,0
NCT04517630,6/1/2020,9/30/2021,Observational [Patient Registry],Renal Biomarkers in AKI and COVID-19,Recruiting,NA,Instituto Nacional de Enfermedades Respiratorias,NA,NA,NA,NA,NA,NA,Mexico,0,2,"urinary NGAL, TIMP-2, IGFBP7, IL-6, viral load and metabolomic",0
NCT04515199,7/1/2020,1/31/2021,Observational [Patient Registry],Home Management of Adult Egyptian Mild COVID-19 Cases,Recruiting,NA,Cairo University,NA,NA,NA,NA,NA,NA,Egypt,0,0,NA,0
NCT04508959,4/15/2020,7/31/2021,Observational [Patient Registry],The McMaster Multi-Regional COVID-19 Hospital Case Registry,Recruiting,NA,McMaster University,NA,NA,NA,NA,NA,NA,Canada,0,1,NA,0
NCT04508920,5/15/2019,6/15/2021,Observational [Patient Registry],A Survey to Assess Effects of Covid-19 on Cardiovascular Patients,Recruiting,NA,"Centro en Insuficiencia Cardiaca, Mexico",NA,NA,NA,NA,NA,NA,Mexico,0,0,"Symptomatology, Treatment. daily Activities and Anxiety for Cardiovascular patients Survey (STRATA)",0
NCT04508712,8/10/2020,8/31/2021,Observational [Patient Registry],Long-term Outcomes in Patients With COVID-19,Recruiting,NA,RenJi Hospital,NA,NA,NA,NA,NA,NA,China,0,2,NA,0
NCT04506528,8/10/2020,1/31/2023,Observational [Patient Registry],The C3I COVID-19 Project,Recruiting,NA,"University of Wisconsin, Madison",NA,NA,NA,NA,NA,NA,United States,0,4,NA,0
NCT04505709,8/1/2020,8/1/2021,Observational [Patient Registry],"Clinical, Immunological, Genomic, Virological and Bioethical Actors of COVID-19",Enrolling by invitation,NA,Instituto de InvestigaciÃ³n Sanitaria de la FundaciÃ³n JimÃ©nez DÃ­az,NA,NA,NA,NA,NA,NA,Spain,0,0,NA,0
NCT04503057,5/1/2020,5/1/2023,Observational [Patient Registry],Exhaled Breath Particles as a Clinical Indicator for Lung Injury and Acute Respiratory Distress Syndrome (ARDS),Recruiting,NA,Lund University Hospital,NA,NA,NA,NA,NA,NA,Sweden,0,0,NA,0
NCT04498546,7/20/2020,3/30/2021,Observational [Patient Registry],Mask Usage and Exercise During the COVÄ°D-19 Pandemic,Recruiting,NA,KTO Karatay University,NA,NA,NA,NA,NA,NA,Turkey,0,2,NA,0
NCT04497402,9/1/2020,9/1/2021,Observational [Patient Registry],Sex-Informed Data in the COVID-19 Pandemic.,Recruiting,NA,University of Roma La Sapienza,NA,NA,NA,NA,NA,NA,Italy,0,2,NA,0
NCT04497194,3/1/2020,8/30/2020,Observational [Patient Registry],Registry of COVID-19 Patients at AOUI Verona,Completed,NA,Azienda Ospedaliera Universitaria Integrata Verona,NA,NA,NA,NA,NA,NA,Italy,0,1,not applicable (observational study),0
NCT04490837,6/22/2020,7/31/2020,Observational [Patient Registry],Rapid Diagnostic Test for COVID-19 Based on Antibody Detection (YCOVID),Completed,NA,Corporacion Parc Tauli,NA,NA,NA,NA,NA,NA,Spain,0,1,ELISA and Rapid test to detect antibodies against COVID-19,0
NCT04488562,5/8/2020,12/1/2021,Observational [Patient Registry],Home Monitoring and Evaluation After Admission for COVID-19 in the Netherlands,"Active, not recruiting",NA,Erasmus Medical Center,NA,NA,NA,NA,NA,NA,Netherlands,0,1,NA,0
NCT04482361,8/6/2020,12/22/2020,Observational [Patient Registry],SERO-EPIDEMIOLOGY OF SARS-COV2 INFECTION IN THE AUTONOMOUS CITY OF BUENOS AIRES,Completed,NA,Ministerio de Salud de Ciudad AutÃ³noma de Buenos Aires,NA,NA,NA,NA,NA,NA,Argentina,0,1,Presence of specific anti-SARS-CoV-2 antibodies,0
NCT04481646,6/12/2020,6/30/2022,Observational [Patient Registry],Novel Face Mask Sampling for COVID-19: A Diagnostic and Public Health Tool,Recruiting,NA,University of Leicester,NA,NA,NA,NA,NA,NA,United Kingdom,0,0,Face mask sampling,0
NCT04479488,7/27/2020,3/30/2021,Observational [Patient Registry],Brazilian Registry for Clinical Presentation of Individuals With COVID-19 (SARS-Brazil),"Active, not recruiting",NA,Hospital Israelita Albert Einstein,NA,NA,NA,NA,NA,NA,Brazil,0,4,Hospital admission|Non-hospitalization procedures,0
NCT04472078,6/10/2020,6/26/2020,Observational [Patient Registry],"Seroprevalence of Coronavirus Disease 2019 (COVID-19) Antibodies in a Vulnerable Neighbourhood, Buenos Aries Argentina",Completed,NA,Hospital Italiano de Buenos Aires,NA,NA,NA,NA,NA,NA,Argentina,0,1,Serological Assay or IgG for SARS-CoV-2,0
NCT04466306,4/15/2020,7/8/2020,Observational [Patient Registry],Pediatric Acute Kidney Injury in COVID-19,Enrolling by invitation,NA,Children's Healthcare of Atlanta,NA,NA,NA,NA,NA,NA,United States|Canada|Israel|Japan|Serbia|Spain|United Kingdom,0,0,NA,0
NCT04465474,5/1/2020,4/30/2022,Observational [Patient Registry],"Coronavirus Disease 2019 (COVID-19) During Pregnancy: Prevalence of Seroconversion, Effect on Maternal and Perinatal Outcomes and Risk of Vertical Transmission (COVID-MAP)",Recruiting,NA,Chinese University of Hong Kong,NA,NA,NA,NA,NA,NA,China|Hong Kong|Spain,0,3,Non Intervention,0
NCT04463862,6/4/2020,6/1/2021,Observational [Patient Registry],COVID - AirPollution,Completed,NA,"University Hospital, Strasbourg, France",NA,NA,NA,NA,NA,NA,Belgium|France,0,2,NA,0
NCT04460170,7/1/2020,2/1/2022,Observational [Patient Registry],COVID-19 Follow up Intensive Care Studies,Recruiting,NA,University Medical Center Groningen,NA,NA,NA,NA,NA,NA,Netherlands,0,1,NA,0
NCT04460196,7/8/2020,9/18/2020,Observational [Patient Registry],Healthcare Renunciation During the Confinement Period in Connection With the COVID-19 Epidemic in Adult Emergency Departments,Completed,NA,"University Hospital, Angers",NA,NA,NA,NA,NA,NA,France,0,2,survey,0
NCT04459364,6/1/2020,7/7/2020,Observational [Patient Registry],The Prevalence of Pulmonary Hypertension in Patients With COVID-19.,Completed,NA,Attgeno AB,NA,NA,NA,NA,NA,NA,Sweden,0,1,NA,0
NCT04459689,3/15/2020,3/31/2022,Observational [Patient Registry],COVID-19 in PID Survey,Recruiting,NA,Imagine Institute,NA,NA,NA,NA,NA,NA,France,0,1,NA,0
NCT04457505,5/8/2020,9/30/2021,Observational [Patient Registry],One Year Follow-ups of Patients Admitted to Spanish Intensive Care Units Due to COVID-19,Recruiting,NA,"Consorcio Centro de InvestigaciÃ³n BiomÃ©dica en Red, M.P.",NA,NA,NA,NA,NA,NA,Spain,0,1,NA,0
NCT04456036,7/1/2020,12/31/2020,Observational [Patient Registry],Rehabilitation Needs and Functional Recovery in Covid-19 Acute and Post-acute Care,Recruiting,NA,UniversitÃ  Politecnica delle Marche,NA,NA,NA,NA,NA,NA,Italy,0,3,NA,0
NCT04455347,6/15/2020,6/30/2022,Observational [Patient Registry],Cardiac and Thoracic Imaging in Pediatric Patients With Evidence of Systemic Inflammation COVID19 Linked,Recruiting,NA,Imagine Institute,NA,NA,NA,NA,NA,NA,France,0,1,NA,0
NCT04453748,6/8/2020,10/31/2021,Observational [Patient Registry],"The Assessment of the Prevalence, Clinical Course and Treatment of COVID-19 Complications",Enrolling by invitation,NA,Silesian Centre for Heart Diseases,NA,NA,NA,NA,NA,NA,Poland,0,1,Complex diagnostic panel,0
NCT04451902,6/30/2020,4/30/2022,Observational [Patient Registry],COVID-19 and Rare Skin Diseases European Observational Study During an Epidemic,Recruiting,NA,Imagine Institute,NA,NA,NA,NA,NA,NA,Czechia|France|Germany|Italy|Lithuania,0,1,NA,0
NCT04450277,4/1/2020,5/31/2020,Observational [Patient Registry],Delivery of Protocolised Emergency Surgical Care During COVID-19 Pandemic,Completed,NA,Khoo Teck Puat Hospital,NA,NA,NA,NA,NA,NA,Singapore,0,1,Emergency surgery,0
NCT04449042,4/1/2020,12/31/2025,Observational [Patient Registry],The PAWS-COVID-19 (Pediatric AirWay complicationS COVID-19) Registry,Recruiting,NA,Boston Children's Hospital,NA,NA,NA,NA,NA,NA,United States,0,0,airway management during sedation or general anesthesia,0
NCT04445402,4/30/2020,5/1/2021,Observational [Patient Registry],Pediatrics HOT COVID-19 Database in NY Tristate,Recruiting,NA,Columbia University,NA,NA,NA,NA,NA,NA,United States,0,0,NA,0
NCT04444310,6/15/2020,6/18/2020,Observational [Patient Registry],Antibody Responses in Contacts of COVID-19 Patients,"Active, not recruiting",NA,Assiut University,NA,NA,NA,NA,NA,NA,Egypt,0,0,NA,0
NCT04441710,10/27/2020,10/31/2023,Observational [Patient Registry],Caregiver Serological Monitoring Extended Secondarily to Patients With the SARS-CoV-2 Coronavirus,Recruiting,NA,Hospices Civils de Lyon,NA,NA,NA,NA,NA,NA,France,0,2,Questionnaire,0
NCT04441372,10/1/2020,5/1/2021,Observational [Patient Registry],Prognostication of Oxygen Requirement in Non-severe SARS-CoV-2 Infection,Recruiting,NA,"Medecins Sans Frontieres, Spain",NA,NA,NA,NA,NA,NA,India,0,5,NA,0
NCT04435457,9/1/2020,12/31/2021,Observational [Patient Registry],Cardiovascular Implications of COVID-19,Recruiting,NA,University of Texas Southwestern Medical Center,NA,NA,NA,NA,NA,NA,United States,0,4,NA,0
NCT04434144,5/2/2020,6/5/2020,Observational [Patient Registry],A Comparative Study on Ivermectin and Hydroxychloroquine on the COVID19 Patients in Bangladesh,Completed,NA,"Upazila Health & Family Planning Officer's (UHFPO) Office, Chakoria, Cox's Bazar",NA,NA,NA,NA,NA,NA,Bangladesh,0,0,Ivermectin + Doxycycline|Hydroxychloroquine + Azithromycin,0
NCT04433871,4/27/2020,4/27/2022,Observational [Patient Registry],COVID-19 in Pediatric Oncology and Hematology Centers in France,Recruiting,NA,"University Hospital, Caen",NA,NA,NA,NA,NA,NA,France,0,0,"No intervention, observational",0
NCT04431869,8/18/2020,7/31/2022,Observational [Patient Registry],In-Utero Vascular Accidents in Neonates From COVID-19 Infected Mothers,Recruiting,NA,"University of Colorado, Denver",NA,NA,NA,NA,NA,NA,United States,0,3,NA,0
NCT04430374,6/2/2020,12/31/2020,Observational [Patient Registry],Registry for a Cardiovascular Patient Who COVID-19 Infection in Qatar and Gulf,Recruiting,NA,Hamad Medical Corporation,NA,NA,NA,NA,NA,NA,Qatar,0,1,No interverntion,0
NCT04429477,5/1/2020,7/15/2020,Observational [Patient Registry],Cerebral Compliance Impairment in COVID-19,Completed,NA,University of Sao Paulo,NA,NA,NA,NA,NA,NA,Brazil,0,2,Cerebral compliance and hemodynamics monitoring,0
NCT04425759,6/8/2020,6/30/2021,Observational [Patient Registry],Prevalence and Risk Factors of SARS-CoV-2 Antibody Responses (COVID-19),Recruiting,NA,Hospital de MatarÃ³,NA,NA,NA,NA,NA,NA,Spain,0,1,Blood sample,0
NCT04423003,3/1/2020,5/15/2020,Observational [Patient Registry],Endoscopic Interventions in Patients With COVID-19,Completed,NA,University Hospital Tuebingen,NA,NA,NA,NA,NA,NA,Germany,0,0,Endoscopic intervention,0
NCT04422587,3/13/2020,6/5/2020,Observational [Patient Registry],Evaluation of the COVID-19 Infection Response in Patients Admitted to the Emergency Department for Dyspnea,Completed,NA,"University Hospital, Toulouse",NA,NA,NA,NA,NA,NA,France,0,1,RECOP unit patient,0
NCT04422470,6/22/2020,1/22/2021,Observational [Patient Registry],Registry of Patients With Hematologic Disease and COVID-19 in Russia,Recruiting,NA,"National Research Center for Hematology, Russia",NA,NA,NA,NA,NA,NA,Russian Federation,0,2,Non-interventional study,0
NCT04422444,6/1/2020,6/30/2021,Observational [Patient Registry],Post Intensive Care Syndrome in COVID19 Patients,"Active, not recruiting",NA,Corporacion Parc Tauli,NA,NA,NA,NA,NA,NA,Spain,0,2,Questionnaires,0
NCT04416009,7/5/2020,12/20/2020,Observational [Patient Registry],Extracellular Water in Covid 19 Pneumonia,Recruiting,NA,Gaziosmanpasa Research and Education Hospital,NA,NA,NA,NA,NA,NA,Turkey,0,0,NÄ°CaS,0
NCT04413955,6/1/2020,12/31/2022,Observational [Patient Registry],Registry of SeraphÂ®-100 MicrobindÂ® Affinity Blood Filter for COVID-19 Under EUA,Enrolling by invitation,NA,"Children's Hospital Medical Center, Cincinnati",NA,NA,NA,NA,NA,NA,United States,0,3,SeraphÂ®-100 MicrobindÂ® Affinity Blood Filter,0
NCT04412551,5/20/2020,12/31/2020,Observational [Patient Registry],Lung Ultrasound for Assessment of Patients With Moderate to Severe Covid-19,Completed,NA,"Dalarna County Council, Sweden",NA,NA,NA,NA,NA,NA,Sweden,0,1,NA,0
NCT04412317,6/3/2020,5/30/2021,Observational [Patient Registry],Use of PCR-Sars-CoV-2 in Children,Recruiting,NA,Centre Hospitalier Intercommunal Creteil,NA,NA,NA,NA,NA,NA,France,0,2,NA,0
NCT04412382,6/1/2020,12/31/2020,Observational [Patient Registry],Covid-19: Possible Role of Neutrophil Extracellular Traps,Recruiting,NA,Azienda Ospedaliera Universitaria Integrata Verona,NA,NA,NA,NA,NA,NA,Italy,0,1,NETosis markers,0
NCT04411563,5/21/2020,9/30/2020,Observational [Patient Registry],Epigenetic Tools as Prognostic Predictors in Covid19,Recruiting,NA,Bakirkoy Dr. Sadi Konuk Research and Training Hospital,NA,NA,NA,NA,NA,NA,Turkey,0,0,Taking biological samples,0
NCT04410471,5/29/2020,5/29/2020,Observational [Patient Registry],Humoral Immunity Against SARS-CoV-2 in Liver Transplanted Patients After COVID-19 in Comparison With Immunocompetent Patients,Recruiting,NA,Hospital General Universitario Gregorio MaraÃ±on,NA,NA,NA,NA,NA,NA,Spain,0,1,CLIA of IgG and IgM against SARS-Cov-2,0
NCT04408339,4/15/2020,4/14/2021,Observational [Patient Registry],COVID-19 in Cancer Patients: Evaluation of Clinical Course and Impact on Oncological Care Including Biobanking,Recruiting,NA,UniversitÃ¤tsklinikum Hamburg-Eppendorf,NA,NA,NA,NA,NA,NA,Germany,0,1,No Intervention,0
NCT04403672,5/18/2020,7/24/2020,Observational [Patient Registry],Performance Evaluation of RealDetectâ„¢ COVID-19 RT-PCR Kit for the Detection of SARS-CoV-2 Virus,Recruiting,NA,Bangladesh Medical Research Council (BMRC),NA,NA,NA,NA,NA,NA,Bangladesh,0,1,performance evaluation study of RealDetect RT-PCR Kit for COVID-19 detection,0
NCT04401033,5/11/2020,6/30/2020,Observational [Patient Registry],Increased Risk of SARS-CoronaVirus-2 (SARS-CoV-2) Infection Associated With Endoscopy (DECORE Study),Completed,NA,Hospital del RÃ­o Hortega,NA,NA,NA,NA,NA,NA,Spain,0,2,Abdominal ultrasound|Telephonic medical visit|Gastrointestinal endoscopy,0
NCT04398264,7/22/2020,3/31/2021,Observational [Patient Registry],Characteristics of COVID-19 Infection Among PREGnant Women,Recruiting,NA,Inova Health System,NA,NA,NA,NA,NA,NA,United States,0,2,COVID-19 positive via testing,0
NCT04397575,4/3/2020,12/1/2021,Observational [Patient Registry],The GCO-002 CACOVID-19 Cohort: a French Nationwide Multicenter Study of COVID-19 Infected Cancer Patients,"Active, not recruiting",NA,Federation Francophone de Cancerologie Digestive,NA,NA,NA,NA,NA,NA,France,0,4,NA,0
NCT04395794,5/7/2020,8/31/2020,Observational [Patient Registry],SARS-CoV-2 Disguise Study,Recruiting,NA,Meshalkin Research Institute of Pathology of Circulation,NA,NA,NA,NA,NA,NA,Russian Federation,0,0,SARS-CoV-2-test|SARS-CoV-2 questionnaire survey,0
NCT04395781,5/18/2020,12/31/2022,Observational [Patient Registry],Pediatric Acute and Critical Care COVID-19 Registry of Asia,Recruiting,NA,KK Women's and Children's Hospital,NA,NA,NA,NA,NA,NA,China|India|Indonesia|Japan|Malaysia|Pakistan|Singapore,0,4,NA,0
NCT04394390,5/1/2020,6/15/2020,Observational [Patient Registry],Do Vitamin D Levels Really Correlated With Disease Severity in COVID-19 Patients?,Enrolling by invitation,NA,Bursa City Hospital,NA,NA,NA,NA,NA,NA,Turkey,0,0,vitamin d,0
NCT04393324,4/24/2020,5/31/2020,Observational [Patient Registry],The Critical Care Response to the COVID-19 Pandemic in Madrid,Recruiting,NA,"Hospital San Carlos, Madrid",NA,NA,NA,NA,NA,NA,Spain,0,2,NA,0
NCT04393142,5/5/2020,2/16/2021,Observational [Patient Registry],Serologic Testing of Household Contacts of Confirmed Cases of COVID-19,Completed,NA,Hospital Universitario Dr. Jose E. Gonzalez,NA,NA,NA,NA,NA,NA,Mexico,0,2,NA,0
NCT04391686,7/3/2020,11/2/2021,Observational [Patient Registry],Resting Energy Expenditure of the COronaVirus (COVID19) Patient in Reanimation Context,Recruiting,NA,Centre Hospitalier Arras,NA,NA,NA,NA,NA,NA,France,0,3,indirect calorimetry,0
NCT04391946,3/14/2020,5/1/2022,Observational [Patient Registry],Observatory of Patients With Chronic Lymphocytic Leukemia / Lymphocytic Lymphoma or Waldenstrom Disease Infected With COVID-19,Recruiting,NA,French Innovative Leukemia Organisation,NA,NA,NA,NA,NA,NA,France,0,1,Data registry,0
NCT04391920,8/28/2020,8/31/2022,Observational [Patient Registry],Registry of CytoSorb Therapy in COVID-19 ICU Patients,Recruiting,NA,"CytoSorbents, Inc",NA,NA,NA,NA,NA,NA,United States,0,4,CytoSorb 300 mL device,0
NCT04390555,4/30/2020,12/31/2020,Observational [Patient Registry],The Global PCHF-COVICAV Registry,Recruiting,NA,University of Zurich,NA,NA,NA,NA,NA,NA,Switzerland,0,0,NA,0
NCT04389996,5/14/2020,7/21/2020,Observational [Patient Registry],COVID-19 Pandemic Impact on Patients With Cancer - a Danish Survey,Completed,NA,Odense University Hospital,NA,NA,NA,NA,NA,NA,Denmark,0,4,No intervention,0
NCT04389554,5/14/2020,5/28/2020,Observational [Patient Registry],D-dimer Levels in Pregnant With COVID-19,Completed,NA,Kanuni Sultan Suleyman Training and Research Hospital,NA,NA,NA,NA,NA,NA,Turkey,0,2,Blood D-dimer assay,0
NCT04388631,5/10/2020,5/1/2021,Observational [Patient Registry],Detection Rate of SARS-CoV-2 in Male Genitourinary System and Its Impact on Male Reproductive Health.,Recruiting,NA,Tongji Hospital,NA,NA,NA,NA,NA,NA,China,0,1,Coronavirus Disease 2019,0
NCT04388605,4/21/2020,9/30/2021,Observational [Patient Registry],Assessing the Safety of Pregnancy In the CoRonavirus (COVID-19) pandEmic,Recruiting,NA,"University of California, San Francisco",NA,NA,NA,NA,NA,NA,United States,0,2,NA,0
NCT04388436,5/11/2020,7/10/2021,Observational [Patient Registry],Post Covid-19 Cardiopulmonary and Immunological Changes,"Active, not recruiting",NA,Mansoura University,NA,NA,NA,NA,NA,NA,Egypt,0,1,NA,0
NCT04386265,4/15/2020,5/11/2022,Observational [Patient Registry],Compassionate Use of Hyperbaric Oxygen Therapy,Enrolling by invitation,NA,"SerenaGroup, Inc.",NA,NA,NA,NA,NA,NA,United States|Poland,0,2,NA,0
NCT04383457,6/15/2020,10/8/2020,Observational [Patient Registry],Covid-19 Triage Using Camera-based AI,Completed,NA,Vastra Gotaland Region,NA,NA,NA,NA,NA,NA,Sweden,0,2,RIA-device (Remote Investigation and Assessment),0
NCT04380766,1/1/2019,7/31/2020,Observational [Patient Registry],Covid-19 Pandemic and Pancreatic Surgery in Italy,Completed,NA,Fondazione Policlinico Universitario Agostino Gemelli IRCCS,NA,NA,NA,NA,NA,NA,Italy,0,3,Evaluation of changes in the diagnostic-therapeutic pathway for patients affected by pancreatic cancer,0
NCT04380727,3/20/2020,4/14/2020,Observational [Patient Registry],Almitrine and COVID-19 Related Hypoxemia,Completed,NA,"Central Hospital, Nancy, France",NA,NA,NA,NA,NA,NA,France,0,1,NA,0
NCT04379544,4/23/2020,9/1/2020,Observational [Patient Registry],Prognostic Value of Point of Care Cardiac and Lung Ultrasound in COVID-19,"Active, not recruiting",NA,University of Pennsylvania,NA,NA,NA,NA,NA,NA,United States,0,2,Observation only,0
NCT04378452,3/31/2020,3/22/2021,Observational [Patient Registry],Assessment of the Psycho-social Impact of COVID-19 Outbreak,Completed,NA,FundaciÃ³ Institut Germans Trias i Pujol,NA,NA,NA,NA,NA,NA,Spain,0,4,COM-COVID anonimous survey,0
NCT04376398,4/6/2020,6/30/2020,Observational [Patient Registry],Survey: COVID-19 Patients Managed in the Operating Theatre of Belgian Hospitals,Completed,NA,Cliniques universitaires Saint-Luc- UniversitÃ© Catholique de Louvain,NA,NA,NA,NA,NA,NA,Belgium,0,1,NA,0
NCT04374110,5/5/2020,6/24/2020,Observational [Patient Registry],Drug Safety and the Occurrence of Complications During Hospitalization in Patients With COVID-19,Recruiting,NA,"Institute of Cardiology, Warsaw, Poland",NA,NA,NA,NA,NA,NA,Poland,0,1,Clinical data,0
NCT04374045,4/30/2020,6/17/2020,Observational [Patient Registry],Testing for Dysautonomia in Patients Hospitalized for SARS-CoV-2 Infection (COVID-19) : COVIDANS Study,Completed,NA,Centre Hospitalier Universitaire de Saint Etienne,NA,NA,NA,NA,NA,NA,France,0,3,ECG-Holter,0
NCT04373759,5/2/2020,9/30/2020,Observational [Patient Registry],Cardiac Arrest Incidence and Outcome Among Patients With COVID-19 in French ICUs,Completed,NA,Centre Hospitalier Intercommunal de Toulon La Seyne sur Mer,NA,NA,NA,NA,NA,NA,France|Martinique,0,10,Cardiopulmonary resuscitation|Modified Rankin score,0
NCT04372199,4/29/2020,5/27/2020,Observational [Patient Registry],SEVERITY SCORE FOR COVID-19 PNEUMONIA,Recruiting,NA,Fondazione Policlinico Universitario Agostino Gemelli IRCCS,NA,NA,NA,NA,NA,NA,Italy,0,0,NA,0
NCT04371328,3/13/2020,6/5/2020,Observational [Patient Registry],Emergency Management in a Dedicated Respiratory Unit of Patients With a Possible COVID-19 Infection,"Active, not recruiting",NA,"University Hospital, Toulouse",NA,NA,NA,NA,NA,NA,France,0,1,RECOP unit patient,0
NCT04370821,5/9/2020,6/5/2024,Observational [Patient Registry],"COVID-19 CHAMPS Study of Healthcare, First Responder and Service Workers","Active, not recruiting",NA,Villanova University,NA,NA,NA,NA,NA,NA,United States,0,5,NA,0
NCT04369300,4/24/2020,11/24/2020,Observational [Patient Registry],Anxiety And Depression During COVID-19 IN INDIA,Recruiting,NA,Max Healthcare Insititute Limited,NA,NA,NA,NA,NA,NA,India,0,1,Registery Data Collection,0
NCT04368234,4/18/2020,4/30/2025,Observational [Patient Registry],Duke COVID-19 Shared Data and Specimen Repository,Recruiting,NA,Duke University,NA,NA,NA,NA,NA,NA,United States,0,2,NA,0
NCT04368143,4/1/2020,12/30/2021,Observational [Patient Registry],COVID-19 Immune Repertoire Sequencing,Recruiting,NA,"Institute of Tropical Medicine, Belgium",NA,NA,NA,NA,NA,NA,Belgium,0,2,NA,0
NCT04368065,4/2/2020,12/31/2022,Observational [Patient Registry],COVID-19 Active Research Experience (CARE),Recruiting,NA,Iqvia Pty Ltd,NA,NA,NA,NA,NA,NA,United States|United Kingdom,0,8,NA,0
NCT04367714,3/15/2020,12/1/2021,Observational [Patient Registry],Antibody Response Against SARS-CoV-2 in Dialysis Patients During COVID-19,Recruiting,NA,Region MidtJylland Denmark,NA,NA,NA,NA,NA,NA,Denmark,0,1,NA,0
NCT04367857,4/18/2020,10/31/2021,Observational [Patient Registry],ARMOR Study: COVID-19 Seroprevalence Among Healthcare Workers,Recruiting,NA,Columbia University,NA,NA,NA,NA,NA,NA,United States,0,2,COVID-19 Serology|Health Care Worker Survey,0
NCT04367350,3/20/2020,3/31/2021,Observational [Patient Registry],Prospective Registry of Corona Virus Disease 2019 (Covid-19) Patients With Neuromuscular Involvement,Recruiting,NA,University Hospital Tuebingen,NA,NA,NA,NA,NA,NA,Germany,0,0,laboratory biomarkers|muscle ultrasound,0
NCT04366986,6/23/2020,4/30/2024,Observational [Patient Registry],International Registry of Coronavirus (COVID-19) Exposure in Pregnancy,Recruiting,NA,Pregistry,NA,NA,NA,NA,NA,NA,United States,0,2,Tested for SARS-CoV-2 (regardless of the result)|Clinical diagnosis of COVID-19 by a health care professional,0
NCT04367207,5/1/2020,12/1/2020,Observational [Patient Registry],African Covid-19 Critical Care Outcomes Study,Recruiting,NA,University of Cape Town,NA,NA,NA,NA,NA,NA,South Africa,0,2,NA,0
NCT04366206,3/14/2020,7/31/2020,Observational [Patient Registry],Factors Associated With Clinical Outcomes in Patients Hospitalized for Covid-19 in GHT-93 Est,Recruiting,NA,Centre Hospitalier Intercommunal Robert Ballanger,NA,NA,NA,NA,NA,NA,France,0,0,NA,0
NCT04365322,4/20/2020,9/1/2020,Observational [Patient Registry],Study of Specific Viral Immune Responses Induced by SARS-CoV-2 (COVID-19),Recruiting,NA,Centre Hospitalier Universitaire de Besancon,NA,NA,NA,NA,NA,NA,France,0,3,Additional biological samples,0
NCT04364984,4/1/2020,7/24/2021,Observational [Patient Registry],"ARB, ACEi, DRi in COVID-19",Completed,NA,Medical Practice Prof D. Ivanov,NA,NA,NA,NA,NA,NA,Ukraine,0,6,Angiotensin converting enzyme inhibitor,0
NCT04361591,3/1/2020,3/1/2021,Observational [Patient Registry],COVID-19 in Liver Transplant Recipients,Recruiting,NA,Hospital Clinic of Barcelona,NA,NA,NA,NA,NA,NA,Spain,0,0,Observational only,0
NCT04361500,4/15/2020,10/1/2020,Observational [Patient Registry],Registry of COVID-19 Patients Treated With the Seraph 100 Microbind Affinity Blood Filter,Recruiting,NA,Hannover Medical School,NA,NA,NA,NA,NA,NA,Germany,0,0,Seraph 100,0
NCT04359602,4/8/2020,4/20/2022,Observational [Patient Registry],COVID-19 Recovered Volunteer Research Participant Pool Registry,Recruiting,NA,"University of California, Los Angeles",NA,NA,NA,NA,NA,NA,United States,0,2,NA,0
NCT04358042,4/24/2020,1/1/2022,Observational [Patient Registry],PSYCHIATRIC Disorders and Covid-19,Recruiting,NA,Nantes University Hospital,NA,NA,NA,NA,NA,NA,France,0,2,"Brief Psychiatric Rating Scale|Depression, Anxiety and Stress Scale|Impact of Event Scale-Revised|Connor-Davidson Resilience Scale 10 items (CD-RISC 10)",0
NCT04357639,5/28/2020,1/31/2021,Observational [Patient Registry],Impact of Long-term Protease Inhibitors in Patients Living With HIV on the Incidence of COVID-19 ( COVIP ),Completed,NA,Centre Hospitalier Intercommunal Creteil,NA,NA,NA,NA,NA,NA,France,0,7,No intervention,0
NCT04356586,5/4/2020,8/21/2020,Observational [Patient Registry],Immune Response to Covid-19 in 300 Health Care Workers With Mild Symptoms,Completed,NA,Sciensano,NA,NA,NA,NA,NA,NA,Belgium,0,1,NA,0
NCT04354818,5/11/2020,4/27/2022,Observational [Patient Registry],Coronavirus (COVID-19) Outcomes Registries in Immunocompromised Individuals Australia (CORIA),"Active, not recruiting",NA,Kirby Institute,NA,NA,NA,NA,NA,NA,Australia,0,4,NA,0
NCT04354519,3/14/2020,7/14/2022,Observational [Patient Registry],The United Kingdom Multiple Sclerosis Register Covid-19 Substudy,Recruiting,NA,Swansea University,NA,NA,NA,NA,NA,NA,United Kingdom,0,3,NA,0
NCT04351529,4/1/2020,12/31/2021,Observational [Patient Registry],Austrian COVID-19 Registry,Recruiting,NA,Arbeitsgemeinschaft medikamentoese Tumortherapie,NA,NA,NA,NA,NA,NA,Austria,0,2,NA,0
NCT04349982,4/8/2020,6/30/2022,Observational [Patient Registry],ICU Trial in Critical Ill COVID-19 Patients,Recruiting,NA,Medical University of Graz,NA,NA,NA,NA,NA,NA,Austria,0,1,"Biomarker (TropT, Myoglobin, CK, CK-MB, LDH, D-dimer, CRP, PCT)",0
NCT04348942,5/29/2020,5/1/2021,Observational [Patient Registry],"A COVID-19 Symptom, Exposure and Immune Response Registry","Active, not recruiting",NA,ObvioHealth,NA,NA,NA,NA,NA,NA,United States,0,4,NA,0
NCT04348227,1/1/2019,1/1/2020,Observational [Patient Registry],How COVID-19 Virus Outbreak Affects Antimicrobial Resistance in a Low-middle-income Country's ICU?,"Active, not recruiting",NA,HÃ´pital Universitaire Fattouma Bourguiba,NA,NA,NA,NA,NA,NA,Tunisia,0,1,Enhanced hygiene measures,0
NCT04347798,9/30/2020,4/30/2021,Observational [Patient Registry],IMPACT: IMPact of Antimalarials on Covid-19 Infections in RAPPORT,Enrolling by invitation,NA,University of Alberta,NA,NA,NA,NA,NA,NA,Canada,0,2,Hydroxychloroquine/Chloroquine,0
NCT04347278,4/22/2020,10/15/2021,Observational [Patient Registry],Observational Study of Follow-up of Hospitalized Patients Diagnosed With COVID-19 to Evaluate the Effectiveness of the Drug Treatment Used to Treat This Disease. COVID-19 Registry,Recruiting,NA,Instituto de InvestigaciÃ³n MarquÃ©s de Valdecilla,NA,NA,NA,NA,NA,NA,Spain,0,2,Patients with the treatment agains COVID19,0
NCT04344912,3/20/2020,6/30/2020,Observational [Patient Registry],Impact of COVID19 Outbreak in Cardiac Acute Care,Recruiting,NA,Assistance Publique - HÃ´pitaux de Paris,NA,NA,NA,NA,NA,NA,France,0,1,Data collection,0
NCT04344002,4/21/2020,3/30/2022,Observational [Patient Registry],LunG and Melanoma canceR pAtients coVId19 Disease (GRAVID),Recruiting,NA,Spanish Lung Cancer Group,NA,NA,NA,NA,NA,NA,Spain,0,6,NA,0
NCT04344249,3/31/2020,9/30/2021,Observational [Patient Registry],Cohort of Patients With Inflammatory Bowel Disease During COVID-19 Pandemic,Recruiting,NA,Nantes University Hospital,NA,NA,NA,NA,NA,NA,France,0,2,NA,0
NCT04341766,3/31/2020,5/27/2020,Observational [Patient Registry],Evolution of Pulmonary Ultrasound in Patients Hospitalized for Covid (Coronavirus Disease) 19,Completed,NA,Centre Hospitalier Intercommunal Creteil,NA,NA,NA,NA,NA,NA,France,0,2,No special intervention,0
NCT04340479,7/30/2020,5/31/2022,Observational [Patient Registry],The Use of Ultrasound in Establishing COVID-19 Infection as Part of a Trauma Evaluation,Recruiting,NA,"University of Colorado, Denver",NA,NA,NA,NA,NA,NA,United States,0,5,Ultrasound lung imaging as part of FAST+ evaluation,0
NCT04340466,4/3/2020,7/3/2020,Observational [Patient Registry],French Multicentre Observational Study on SARS-Cov-2 Infections (COVID-19) ICU Management Study,Completed,NA,Centre Hospitalier Universitaire de NÄ«mes,NA,NA,NA,NA,NA,NA,France,0,2,No intervention,0
NCT04339881,4/17/2020,7/10/2020,Observational [Patient Registry],NOsocomial Dissemination Risk of SARS-Cov2,Completed,NA,Assistance Publique - HÃ´pitaux de Paris,NA,NA,NA,NA,NA,NA,France,0,1,NA,0
NCT04337346,4/5/2020,4/20/2020,Observational [Patient Registry],Evaluation of Covid 19 Anxiety in Endometriosis Patients,Completed,NA,Kanuni Sultan Suleyman Training and Research Hospital,NA,NA,NA,NA,NA,NA,Turkey,0,2,NA,0
NCT04336956,4/7/2020,6/30/2021,Observational [Patient Registry],Covid-19 Pediatric Observatory,Recruiting,NA,Centre Hospitalier Intercommunal Creteil,NA,NA,NA,NA,NA,NA,France,0,5,hospitalized children with Covid19,0
NCT04335773,4/3/2020,12/31/2030,Observational [Patient Registry],"COVID-19 in Hospitalised Norwegian Children - Risk Factors, Outcomes and Immunology",Recruiting,NA,"University Hospital, Akershus",NA,NA,NA,NA,NA,NA,Norway,0,1,NA,0
NCT04333953,4/1/2020,7/1/2020,Observational [Patient Registry],COVID-19 in Patients With HIV,Recruiting,NA,University of Missouri-Columbia,NA,NA,NA,NA,NA,NA,United States,0,2,No intervention,0
NCT04329559,3/30/2020,2/10/2021,Observational [Patient Registry],COVID-19 in Patients With Pre-existing Cirrhosis (COVID-Cirrhosis-CHESS2002): A Multicentre Observational Study,Completed,NA,Hepatopancreatobiliary Surgery Institute of Gansu Province,NA,NA,NA,NA,NA,NA,China,0,1,NA,0
NCT04327570,3/27/2020,3/30/2023,Observational [Patient Registry],In-depth Immunological Investigation of COVID-19.,Recruiting,NA,Universitaire Ziekenhuizen Leuven,NA,NA,NA,NA,NA,NA,Belgium,0,2,Patient sampling,0
NCT04327674,3/14/2020,5/15/2020,Observational [Patient Registry],The Use of Focused Lung Ultrasound in Patients Suspected of COVID-19,Recruiting,NA,University of Aarhus,NA,NA,NA,NA,NA,NA,Denmark,0,0,NA,0
NCT04327479,3/26/2020,3/25/2026,Observational [Patient Registry],Characterization of Cardiovascular Diseases and Risk Factors in Patients With Suspected SARS-CoV2/Covid-19 Infection,Recruiting,NA,"University Hospital, Essen",NA,NA,NA,NA,NA,NA,Germany,0,2,Assessment of cardiovascular diseases and cardiovascular risk factors,0
NCT04325048,4/23/2020,6/30/2021,Observational [Patient Registry],Clinical Evaluation of Cordio Application in Adult COVID-19 Virus Positive Patients,Recruiting,NA,Cordio Medical,NA,NA,NA,NA,NA,NA,Israel,0,2,Cordio App,0
NCT04325412,3/23/2020,3/23/2021,Observational [Patient Registry],Cardiac complicAtions in Patients With SARS Corona vIrus 2 (COVID-19) regisTrY,Recruiting,NA,UMC Utrecht,NA,NA,NA,NA,NA,NA,Netherlands,0,1,NA,0
NCT04321811,3/21/2020,2/9/2021,Observational [Patient Registry],"Behavior, Environment And Treatments for Covid-19","Active, not recruiting",NA,xCures,NA,NA,NA,NA,NA,NA,United States,0,3,"Observation of patients with known, suspected, or at risk for COVID-19 infection",0
NCT04320472,3/23/2020,9/30/2020,Observational [Patient Registry],Acute Encephalopathy in Critically Ill Patients With COVID-19,"Active, not recruiting",NA,Ictal Group,NA,NA,NA,NA,NA,NA,United States|Brazil|Colombia|Egypt|France|Mexico|Spain,0,13,Follow up,0
NCT04319016,1/1/2020,4/30/2020,Observational [Patient Registry],Clinical Characteristics of Coronavirus Disease 2019 (COVID-19) in Pregnancy,Recruiting,NA,Federico II University,NA,NA,NA,NA,NA,NA,Italy,0,3,pregnant women with laboratory-confirmed 2019-n-CoV,0
NCT04315870,1/1/2020,4/20/2020,Observational [Patient Registry],Clinical Characteristics of Coronavirus Disease 2019 (COVID-19) in Pregnancy: The Italian Registry on Coronavirus in Pregnancy.,Recruiting,NA,Federico II University,NA,NA,NA,NA,NA,NA,Italy,0,0,pregnant women with laboratory-confirmed 2019-n-CoV,0
NCT04314271,3/20/2020,5/1/2020,Observational [Patient Registry],The Observational Study of Cardiac and Pulmonary Ultrasound and Evaluation of Treatment of Severe Patients With Novel Coronavirus Pneumonia,Recruiting,NA,Xiangya Hospital of Central South University,NA,NA,NA,NA,NA,NA,China,0,0,NA,0
