Intervention_type,intervention,Study_count,Date of First Study
placebo,placebo,374,2020-01-31
Other,standard care,129,2020-01-23
Drug,hydroxychloroquine,113,2020-02-06
Biological,convalescent plasma,97,2020-03-23
Drug,azithromycin,37,2020-03-23
Drug,tocilizumab,32,2020-03-09
Drug,saline,31,2020-03-25
Biological,mesenchymal stem cells,30,2020-01-27
Drug,ritonavir,28,2020-01-28
Drug,ivermectin,25,2020-04-05
Drug,lopinavir,25,2020-01-28
Drug,remdesivir,25,2020-01-31
Drug,favipiravir,24,2020-03-09
Drug,lopinavir/ritonavir,22,2020-01-30
Biological,blood sample,20,2020-03-09
Drug,chloroquine,19,2020-03-19
Procedure,prone positioning,18,2020-03-26
Drug,enoxaparin,17,2020-04-07
Drug,heparin,15,2020-04-24
Drug,methylprednisolone,15,2020-01-23
Device,oxygen,15,2020-03-19
Biological,plasma,15,2020-03-24
Drug,colchicine,14,2020-03-23
Drug,control,14,2020-03-24
Drug,interferon,13,2020-02-11
Drug,nitazoxanide,13,2020-04-03
Drug,vitamin c,13,2020-02-04
Drug,dexamethasone,11,2020-03-26
Other,exercise,11,2020-04-02
Drug,hydroxychloroquine / azithromycin,11,2020-03-23
Diagnostic Test,serology test,11,2020-04-08
Dietary Supplement,vitamin d,11,2020-04-02
Other,questionnaire,10,2020-03-08
Biological,bcg,9,2020-03-25
Radiation,radiotherapy,9,2020-05-04
Drug,ruxolitinib,9,2020-04-01
Drug,losartan,8,2020-03-13
Drug,nitric oxide,8,2020-03-09
Other,telehealth,8,2020-03-21
Drug,zinc,8,2020-04-02
Drug,anakinra,7,2020-03-25
Drug,baricitinib,7,2020-03-24
Drug,povidone/iodine,7,2020-04-08
Other,best available therapy,6,2020-04-21
Diagnostic Test,biological samples,6,2020-03-23
Behavioral,mindfulness,6,2020-05-05
Drug,oseltamivir,6,2020-02-02
Drug,rivaroxaban,6,2020-03-25
Drug,sarilumab,6,2020-03-15
Drug,camostat mesilate,5,2020-03-23
Drug,cholecalciferol,5,2020-04-09
Drug,clazakizumab,5,2020-04-09
Biological,inactivated sars-cov-2 vaccine,5,2020-04-14
Drug,ly3819253,5,2020-05-29
Biological,nk cells,5,2020-02-13
Diagnostic Test,pcr,5,2020-04-02
Drug,pulmozyme,5,2020-04-15
Diagnostic Test,saliva,5,2020-04-17
Drug,sofosbuvir,5,2020-07-04
Drug,telmisartan,5,2020-04-11
Procedure,therapeutic plasma exchange (tpe),5,2020-04-20
Drug,anticoagulation,4,2020-04-20
Drug,arbidol,4,2020-01-30
Biological,blood test,4,2020-04-24
Drug,bromhexine hydrochloride,4,2020-02-14
Drug,budesonide,4,2020-04-15
Drug,chloroquine/hydroxychloroquine,4,2020-03-06
Drug,doxycycline,4,2020-04-26
Biological,gam-covid-vac,4,2020-06-16
Biological,lenzilumab,4,2020-03-31
Radiation,low,4,2020-04-24
Drug,mavrilimumab,4,2020-05-21
Combination Product,na-831,4,2020-06-26
Diagnostic Test,nasopharyngeal swab,4,2020-04-17
Drug,peginterferon,4,2020-03-27
Drug,regn10933,4,2020-06-08
Drug,regn10987,4,2020-06-08
Drug,supportive care,4,2020-04-14
Behavioral,,3,2020-02-27
Drug,acalabrutinib,3,2020-04-09
Biological,ad26.cov2.s,3,2020-07-31
Biological,adenovirus type 5 vector,3,2020-03-15
Drug,aspirin,3,2020-03-25
Other,best supportive care,3,2020-04-28
Biological,biological,3,2020-09-04
Other,blood,3,2020-04-17
Behavioral,blood donation sms,3,2020-04-28
Biological,bnt162b1,3,2020-04-27
Drug,canakinumab,3,2020-04-24
Drug,cenicriviroc,3,2020-07-14
Biological,chadox1,3,2020-03-20
Drug,ciclesonide,3,2020-03-31
Drug,clopidogrel,3,2020-04-01
Drug,corticosteroid,3,2020-05-04
Drug,daclatasvir,3,2020-07-04
Drug,immunoglobulin,3,2020-04-08
Behavioral,information,3,2020-06-09
Drug,melatonin,3,2020-04-16
Biological,mesenchymalÂ stem cells,3,2020-05-21
Biological,mrna-1273,3,2020-02-21
Drug,nigella sativa,3,2020-05-21
Drug,prednisone,3,2020-04-10
Dietary Supplement,probiotic,3,2020-04-27
Diagnostic Test,rapid test,3,2020-06-02
Drug,ribavirin,3,2020-02-11
Drug,sargramostim,3,2020-03-24
Biological,sars-cov-2 rs,3,2020-04-24
Drug,sevoflurane,3,2020-03-26
Drug,sirolimus,3,2020-04-05
Drug,sodium,3,2020-06-05
Other,survey,3,2020-04-28
Dietary Supplement,vitamin super b-complex,3,2020-04-08
Biological,vpm1002,3,2020-05-11
Biological,28-day schedule,2,2020-05-21
Biological,abatacept,2,2020-07-14
Other,ace inhibitor,2,2020-04-01
Drug,acetylsalicylic acid,2,2020-04-23
Biological,adjuvant,2,2020-04-24
Device,aeonose,2,2020-07-15
Biological,allocetra-ots,2,2020-08-10
Drug,antibiotics,2,2020-07-01
Drug,arb,2,2020-05-18
Combination Product,atazanavir,2,2020-06-26
Drug,atorvastatin,2,2020-04-01
Dietary Supplement,ayurveda,2,2020-04-10
Biological,azd1222,2,2020-08-17
Biological,bacille calmette-guã©rin (bcg),2,2020-05-04
Behavioral,behavior,2,2020-04-12
Behavioral,behavioral,2,2020-05-03
Drug,bevacizumab,2,2020-02-14
Other,blood draw,2,2020-04-29
Biological,bnt162b2,2,2020-04-27
Drug,cannabidiol,2,2020-07-03
Device,cellectraâ® 2000,2,2020-04-03
Diagnostic Test,chest ct,2,2020-04-30
Diagnostic Test,conjunctival swab,2,2020-04-22
Drug,"conventional medicines (oxygen therapy, alfa interferon via aerosol inhalation,/lopinavir/ritonavir)/traditional chinese medicines (tcms) granules",2,2020-01-28
Device,coviage,2,2020-05-14
Device,cpap,2,2020-04-09
Biological,ct-p59,2,2020-10-05
Diagnostic Test,ct-scan,2,2020-04-22
Drug,cumin,2,2020-04-11
Drug,cyclosporine,2,2020-05-03
Device,cytokine adsorption,2,2020-04-21
Device,cytosorb,2,2020-04-09
Drug,dapagliflozin,2,2020-04-14
Behavioral,data collection,2,2020-06-08
Drug,defibrotide,2,2020-08-25
Drug,dipyridamole,2,2020-05-15
Drug,edp1815,2,2020-05-16
Behavioral,education,2,2020-07-14
Drug,eidd-2801,2,2020-05-26
Drug,emtricitabine,2,2020-04-02
Drug,exo 1 inhalation,2,2020-07-27
Drug,exo 2 inhalation,2,2020-07-27
Behavioral,expressive writing,2,2020-10-12
Drug,famotidine,2,2020-08-06
Combination Product,favipiravir/hydroxychloroquine,2,2020-05-10
Drug,fostamatinib,2,2020-10-05
Device,high flow nasal cannula,2,2020-07-13
Dietary Supplement,honey,2,2020-03-23
Drug,hormones,2,2020-03-25
Combination Product,hyperbaric oxygen,2,2020-03-30
Drug,ibrutinib,2,2020-05-04
Drug,ibuprofen,2,2020-04-02
Device,igg,2,2020-04-24
Device,igm antibodytest,2,2020-04-24
Device,igm/igg rapid test,2,2020-04-24
Drug,iloprost,2,2020-06-04
Drug,imatinib,2,2020-04-07
Drug,imu-838,2,2020-05-01
Drug,infliximab,2,2020-06-08
Biological,ino-4800,2,2020-04-03
Drug,interleukin,2,2020-05-05
Drug,iodine,2,2020-07-14
Other,kb109,2,2020-06-01
Other,kb109 / self supportive care (ssc),2,2020-06-01
Drug,kg,2,2020-05-28
Drug,ledipasvir,2,2020-04-14
Device,lung ultrasound,2,2020-04-04
Device,"magpro x100 stimulator, b70 fluid-cooled coil",2,2020-05-08
Drug,maraviroc,2,2020-06-15
Behavioral,mechanical ventilation,2,2020-04-09
Behavioral,meditation,2,2020-05-01
Biological,medium dosage inactivated sars-cov-2 vaccine on a 0-,2,2020-05-21
Biological,medium dosage inactivated sars-cov-2 vaccine on a 0-/28-day schedule,2,2020-05-21
Combination Product,mefloquine,2,2020-04-07
Biological,menacwy,2,2020-03-20
Drug,molnupiravir,2,2020-09-30
Drug,n-acetylcysteine,2,2020-05-01
Drug,nafamostat mesilate,2,2020-05-14
Device,nasal rinse,2,2020-04-08
Drug,nigella sativa / black cumin,2,2020-04-11
Biological,octagam,2,2020-05-21
Drug,omega-3,2,2020-07-30
Behavioral,online support group,2,2020-05-05
Drug,opaganib,2,2020-05-26
Procedure,ophthalmologic exam,2,2020-04-29
Biological,oral polio vaccine,2,2020-09-04
Other,phone call,2,2020-04-28
Other,physical therapy,2,2020-04-24
Drug,pirfenidone,2,2020-02-10
Drug,povidone-iodine,2,2020-07-15
Behavioral,preventive information,2,2020-07-14
Drug,pul-042,2,2020-03-16
Drug,pyronaridine-artesunate,2,2020-07-14
Dietary Supplement,quercetin,2,2020-05-01
Biological,ravulizumab,2,2020-04-28
Biological,recombinant new coronavirus vaccine (cho cell) low-dose group,2,2020-06-16
Biological,recombinant new coronavirus vaccine (cho cells) high-dose group,2,2020-06-16
Drug,regn10933 / regn10987,2,2020-06-26
Drug,regn10933/regn10987 combination therapy,2,2020-06-08
Drug,rtb101,2,2020-05-28
Biological,sars-cov-2 rs/matrix-m1 adjuvant,2,2020-04-24
Other,self supportive care (ssc),2,2020-06-01
Other,self supportive care (ssc) alone,2,2020-06-01
Biological,serum test,2,2020-04-24
Drug,siltuximab,2,2020-03-31
Behavioral,simple cognitive task intervention,2,2020-07-06
Drug,soc / placebo,2,2020-04-01
Drug,sodium bicarbonate,2,2020-05-02
Drug,sofosbuvir/ledipasvir,2,2020-04-14
Biological,stool collection,2,2020-04-28
Drug,td-0903,2,2020-04-14
Other,tele-yoga,2,2020-06-30
Drug,thromboprophylaxis,2,2020-04-10
Drug,tofacitinib,2,2020-06-02
Drug,water,2,2020-02-04
Other,yoga,2,2020-05-31
Combination Product,- tocilizumab,1,2020-04-07
Drug,-interferon nebulization,1,2020-02-27
Other,"""calm"" is a mindfulness meditation mobile app",1,2020-03-26
Drug,0.12% chg oral rinse,1,2020-07-15
Drug,0.12% chlorhexidine gluconate mouth rinse,1,2020-10-21
Drug,0.4ml inj syringe 0.4ml,1,2020-05-15
Drug,0.5% povidone iodine,1,2020-10-21
Drug,0.9% normal saline,1,2020-10-21
Drug,1% hydrogen peroxide,1,2020-10-21
Biological,10 to 14 days later,1,2020-05-05
Drug,100 mg,1,2020-04-30
Drug,1200 mg),1,2020-05-23
Biological,14-day schedule,1,2020-05-21
Drug,1600 mg),1,2020-05-23
Drug,18f-î±vî²6-bp,1,2020-05-03
Biological,2.2x10^10vp (qpcr) boost,1,2020-05-12
Biological,21 - phase 2,1,2020-04-24
Combination Product,4plants,1,2020-08-03
Combination Product,4plants/azythromycin,1,2020-08-03
Other,6 months later,1,2020-05-22
Dietary Supplement,600mg) oral suspension,1,2020-09-24
Other,a short video intervention,1,2020-07-21
Other,a vignette intervention,1,2020-07-21
Dietary Supplement,aã§aã­ palm berry extract - natural product,1,2020-05-24
Biological,aapc,1,2020-03-05
Diagnostic Test,aaz covid-19 rapid test,1,2020-08-21
Drug,abivertinib,1,2020-06-17
Drug,abx464,1,2020-05-18
Device,accuchek inform ii platform,1,2020-06-01
Drug,"ace inhibitor, angiotensin receptor blocker",1,2020-04-14
Device,actigraphy,1,2020-04-24
Behavioral,action (tara),1,2020-09-11
Drug,activase,1,2020-04-18
Drug,active comparator,1,2020-09-15
Biological,ad5-ncov,1,2020-09-15
Biological,adenovirus type-5 vectored covid-19 vaccine,1,2020-09-28
Biological,adimrsc-2f,1,2020-08-12
Biological,administration of equine immunoglobulin anti sars-cov-2,1,2020-09-15
Biological,adsorbed covid-19 (inactivated) vaccine,1,2020-06-30
Drug,aerosolized dnase,1,2020-06-05
Other,after-each-case room disinfection,1,2020-05-19
Biological,ag0301-covid19,1,2020-07-08
Biological,ag0302-covid19,1,2020-08-24
Drug,agent-797,1,2020-10-06
Other,ai algorithm,1,2020-05-04
Other,albumine,1,2020-05-26
Drug,allogeneic,1,2020-04-22
Drug,almitrine,1,2020-04-20
Drug,alpha one antitrypsin,1,2020-05-10
Biological,alum adjuvant,1,2020-05-25
Biological,aluminum adjuvant of inactivated sars-cov-2 vaccine,1,2020-09-16
Drug,alvelestat,1,2020-09-03
Procedure,alveolar,1,2020-04-22
Drug,ambrisentan,1,2020-05-16
Other,ambulation,1,2020-09-18
Drug,amiodarone,1,2020-04-14
Biological,ampion,1,2020-06-30
Procedure,an69-oxiris,1,2020-10-03
Procedure,an69-standard,1,2020-10-03
Drug,ang-3777,1,2020-07-03
Other,anger message,1,2020-07-02
Radiation,angiography scanner,1,2020-07-06
Biological,angiotensin peptide (1-7) derived plasma,1,2020-05-01
Drug,anise,1,2020-09-15
Drug,anluohuaxian,1,2020-04-01
Biological,anti-coronavirus antibodies (immunoglobulins)obtained with dfpp from convalescent patients,1,2020-04-09
Biological,anti-sars-cov-2 igt seropositivity,1,2020-06-23
Drug,anti-sars-cov-2 igy,1,2020-09-18
Diagnostic Test,antibody test,1,2020-05-08
Drug,antihypertensives,1,2020-04-10
Dietary Supplement,antioxidants,1,2020-03-23
Drug,antroquinonol,1,2020-08-19
Other,anxiety,1,2020-05-22
Behavioral,anxiety reduction training,1,2020-05-11
Drug,apilimod dimesylate,1,2020-06-23
Drug,apixaban,1,2020-08-11
Drug,apl-9,1,2020-05-22
Other,apps,1,2020-09-09
Drug,apremilast,1,2020-07-14
Drug,aprepitant injectable emulsion,1,2020-07-13
Drug,aprotinin,1,2020-08-24
Drug,arbidol hydrochloride/interferon atomization,1,2020-02-02
Other,ardsnet,1,2020-07-31
Drug,argatroban,1,2020-05-26
Dietary Supplement,artemesia annua,1,2020-05-01
Drug,artemic,1,2020-05-07
Drug,artemisia annua leaf,1,2020-08-26
Drug,artesunate-amodiaquine,1,2020-08-26
Dietary Supplement,asbrip,1,2020-05-25
Drug,asc09,1,2020-02-04
Drug,asc09f/oseltamivir,1,2020-02-04
Dietary Supplement,ascorbic acid/zinc gluconate,1,2020-04-08
Drug,aspirin 25mg orally,1,2020-05-28
Other,assembled mask,1,2020-05-13
Behavioral,assigned strategies: active choice,1,2020-07-22
Behavioral,assigned strategies: enhanced active choice,1,2020-07-22
Behavioral,assigned strategies: opt-in,1,2020-07-22
Biological,asunercept,1,2020-08-31
Drug,at-001,1,2020-04-25
Drug,at-527,1,2020-05-16
Combination Product,atazanavir/dexamethasone,1,2020-06-26
Drug,ati-450,1,2020-07-15
Drug,atovaquone,1,2020-04-07
Drug,atovaquone/azithromycin,1,2020-04-07
Behavioral,attention bias modification (abm),1,2020-04-24
Drug,atyr1923,1,2020-06-01
Procedure,auditory evoked potentials (aep),1,2020-05-08
Procedure,auricular neuromodulation,1,2020-04-07
Device,auricular percutaneous neurostimulation,1,2020-07-08
Biological,autologous non-hematopoietic peripheral blood stem cells (nhpbsc),1,2020-07-14
Drug,auxora,1,2020-04-07
Biological,avdoralimab,1,2020-04-29
Drug,avigan,1,2020-08-19
Drug,aviptadil,1,2020-03-14
Drug,aviptadil/standard care,1,2020-03-14
Behavioral,award,1,2020-05-19
Behavioral,award advice,1,2020-05-19
Behavioral,award/covid-specific advice,1,2020-05-19
Drug,azd1656,1,2020-08-14
Drug,azoximer bromide,1,2020-05-07
Biological,bactek-r,1,2020-04-19
Biological,bactrl-spike,1,2020-03-31
Behavioral,bandebereho fathers',1,2020-06-19
Drug,bardoxolone methyl,1,2020-07-29
Other,baseline message,1,2020-07-02
Behavioral,basic feedback,1,2020-07-20
Drug,bdb-001 injection,1,2020-06-26
Behavioral,behaviour change technique intervention to improve quality of life,1,2020-05-12
Drug,bemiparin,1,2020-06-05
Drug,bemiparin sodium,1,2020-10-23
Drug,berberine,1,2020-05-13
Drug,best symptomatic treatment based on doctor recommendations),1,2020-06-03
Drug,bgb dxp593,1,2020-08-27
Drug,bicalutamide 150 mg oral tablet,1,2020-08-07
Device,bidirectional oxygenation mouthpiece,1,2020-03-25
Drug,bio101,1,2020-07-06
Biological,biological test,1,2020-04-21
Biological,biological/vaccine: recombinant new coronavirus vaccine (cho cell) low-dose group,1,2020-08-16
Biological,biological/vaccine: recombinant new coronavirus vaccine (cho cells) high-dose group,1,2020-08-16
Biological,biological/vaccine: recombinant new coronavirus vaccine (cho cells) placebo group,1,2020-08-16
Device,biosensor,1,2020-04-01
Procedure,biospeciman collection,1,2020-06-05
Procedure,biospecimen collection,1,2020-06-05
Device,biovitals,1,2020-02-20
Drug,bivalirudin,1,2020-06-23
Drug,bld-2660,1,2020-04-02
Procedure,blink,1,2020-05-08
Procedure,blink/masseter inhibitory reflex,1,2020-05-08
Biological,blood collection on their first consultation/10 to 14 days later,1,2020-05-05
Diagnostic Test,blood group determination,1,2020-07-07
Other,blood/derivatives,1,2020-04-02
Drug,bms-986253,1,2020-04-02
Biological,bnt162a1,1,2020-05-06
Biological,bnt162b3,1,2020-09-02
Biological,bnt162c2,1,2020-05-06
Biological,boost,1,2020-05-12
Diagnostic Test,brain mri,1,2020-08-03
Drug,brazilian green propolis extract (epp-af),1,2020-07-12
Diagnostic Test,breath biopsy,1,2020-10-21
Diagnostic Test,breath test,1,2020-07-03
Diagnostic Test,breath test/cheek swab,1,2020-07-03
Other,"breathing exercise, intensive spirometry use, supported cough, progressive mobilisation",1,2020-09-18
Other,"breathing exercise, intensive spirometry use, supported cough, progressive mobilisation/ambulation",1,2020-09-18
Drug,brequinar,1,2020-06-09
Drug,bridge therapy,1,2020-05-25
Dietary Supplement,bromelain,1,2020-07-05
Drug,bromhexine oral tablet and/or hydroxychloroquine tablet,1,2020-04-15
Drug,broncho-vaxomâ®,1,2020-07-26
Drug,btl-tml-covid,1,2020-08-18
Drug,bucillamine,1,2020-08-04
Device,butterfly iq,1,2020-09-15
Drug,c21,1,2020-06-29
Drug,camostat,1,2020-06-25
Drug,candesartan,1,2020-04-10
Diagnostic Test,capillary collection,1,2020-10-19
Diagnostic Test,capillary collection/testing,1,2020-10-19
Other,care as usual,1,2020-06-03
Other,caring contacts,1,2020-06-30
Other,cash transfer,1,2020-04-16
Biological,castem,1,2020-02-06
Biological,ccp,1,2020-06-17
Drug,cd24fc,1,2020-03-19
Biological,cell therapy protocol 1,1,2020-04-20
Biological,cell therapy protocol 2,1,2020-04-20
Device,centricyte 1000,1,2020-03-26
Dietary Supplement,centrum adult (under 50) multivitamin,1,2020-09-09
Drug,cerc-002,1,2020-05-29
Other,certified cloth face mask,1,2020-07-14
Other,certified cloth face mask/preventive information,1,2020-07-14
Behavioral,chat-based instant messaging support,1,2020-05-26
Behavioral,chat-based support,1,2020-05-19
Diagnostic Test,cheek swab,1,2020-07-03
Other,chemokines profiles of patients with dexmedetomidine administration,1,2020-04-21
Diagnostic Test,chest x-ray,1,2020-07-12
Other,chiropractic care (more than one visit),1,2020-09-29
Other,chiropractic care (one visit),1,2020-09-29
Drug,chlorhexidine,1,2020-04-08
Behavioral,choice of assignment: active choice,1,2020-07-22
Behavioral,choice of assignment: enhanced active choice,1,2020-07-22
Behavioral,choice of assignment: opt-in,1,2020-07-22
Other,chx0.12,1,2020-09-22
Other,chx0.12/cpc0.05 oral rinse (perioaidactive control),1,2020-09-22
Other,cig axial,1,2020-07-14
Other,cig tilted,1,2020-07-14
Device,citrox,1,2020-04-15
Biological,ck0802,1,2020-07-10
Drug,clarithromycin,1,2020-05-17
Biological,clbs119,1,2020-08-20
Drug,clevudine,1,2020-04-14
Procedure,clinical examination,1,2020-04-14
Drug,clofazimine,1,2020-07-09
Drug,cobicistat,1,2020-01-29
Behavioral,cognitive,1,2020-04-12
Drug,colchicine pill,1,2020-04-15
Drug,colchicine/herbal phenolic monoterpene fractions,1,2020-05-15
Drug,colchicine/symptomatic treatment (paracetamol),1,2020-06-03
Other,colgate periogard mouthwash,1,2020-07-14
Other,colgate peroxyl mouthwash,1,2020-07-14
Other,colgate total mouthwash,1,2020-07-14
Drug,collagen-polyvinylpyrrolidone,1,2020-08-14
Behavioral,combination,1,2020-05-21
Other,communication type,1,2020-05-29
Other,community health worker support,1,2020-06-03
Other,community health workers.,1,2020-08-05
Other,community interest message,1,2020-07-02
Diagnostic Test,comparison between rt-qpcr,1,2020-10-28
Diagnostic Test,comparison between rt-qpcr/covid-viroâ® results,1,2020-10-28
Diagnostic Test,complement dosage,1,2020-04-13
Drug,conestat alfa,1,2020-05-19
Diagnostic Test,conjunctival swab/nasopharyngeal swab,1,2020-06-18
Behavioral,contain covid anxiety ssi,1,2020-06-29
Other,continuation of acei,1,2020-04-14
Other,continuation of acei/arb,1,2020-04-14
Other,continuation of arb,1,2020-04-01
Drug,continuation of ras blocker,1,2020-03-28
Other,continued self-enhancement (enhance) for covid-19,1,2020-10-23
Device,continuous positive airway pressure,1,2020-05-12
Device,continuous vital sign monitoring - isansys patient status engine,1,2020-05-04
Other,control blend,1,2020-07-30
Other,control message,1,2020-07-02
Device,control swab,1,2020-04-24
Biological,convalescent plasma/standard care,1,2020-08-12
Drug,convalscent plasma,1,2020-07-15
Drug,"conventional medicines (oxygen therapy, alfa interferon via aerosol inhalation,",1,2020-01-28
Drug,"conventional medicines (oxygen therapy, alfa interferon via aerosol inhalation,/lopinavir/ritonavir)",1,2020-01-28
Procedure,conventional oxygen therapy,1,2020-09-24
Device,conventional therapy first,1,2020-08-29
Biological,convp,1,2020-10-12
Behavioral,coping strategies video,1,2020-04-29
Device,core warming,1,2020-07-29
Biological,coronavac,1,2020-10-01
Behavioral,cosh self-help smoking cessation booklet,1,2020-05-19
Combination Product,cospherunate,1,2020-08-04
Combination Product,cospherunate/azythromycine,1,2020-08-04
Combination Product,cospherunate/phytomedicine/azythromycien,1,2020-08-04
Behavioral,counselling,1,2020-09-08
Behavioral,couples' group education,1,2020-06-19
Biological,covi-guard,1,2020-06-30
Diagnostic Test,covid-19 antigen,1,2020-04-13
Diagnostic Test,"covid-19 antigen/antibody rapid testing, mobile device image capture/telemedicine support",1,2020-04-13
Other,covid-19 convalescent plasma (cp),1,2020-06-07
Diagnostic Test,covid-19 diagnostic test,1,2020-04-01
Other,covid-19 patients,1,2020-05-10
Behavioral,covid-19 related health warning leaflet,1,2020-05-19
Diagnostic Test,covid-19 swab,1,2020-06-17
Behavioral,covid-specific advice,1,2020-05-19
Diagnostic Test,covid-viroâ® results,1,2020-10-28
Biological,covid19 vaccine,1,2020-06-03
Device,covsurf drug delivery system,1,2020-04-20
Other,cpc0.05 oral rinse (perioaidactive control),1,2020-09-22
Drug,cpi-006,1,2020-07-07
Behavioral,crisis intervention therapy,1,2020-05-03
Drug,crizanlizumab,1,2020-06-16
Procedure,csvf,1,2020-03-26
Biological,ct-p59/placebo,1,2020-10-18
Diagnostic Test,ctus examination,1,2020-04-30
Other,cupping,1,2020-04-20
Other,current care per ucla treating physicians,1,2020-04-14
Biological,cvncov,1,2020-08-13
Biological,cvncov 6 î¼g,1,2020-08-13
Biological,cvncov 8 î¼g,1,2020-08-13
Biological,cvncov 8 î¼g (4 î¼g double dose),1,2020-08-13
Biological,cvncov vaccine,1,2020-06-18
Biological,cyp-001,1,2020-08-25
Drug,cyt107,1,2020-06-19
Diagnostic Test,cytokines,1,2020-04-13
Drug,d,1,2020-05-08
Drug,d followed by enoxaparin,1,2020-05-08
Behavioral,daily coping toolkit,1,2020-05-20
Behavioral,daily monitoring,1,2020-07-06
Other,daily room disinfection,1,2020-05-19
Procedure,dalargin,1,2020-04-08
Drug,danoprevir,1,2020-04-10
Drug,danoprevir/ritonavir,1,2020-04-10
Drug,dapansutrile capsules,1,2020-08-13
Drug,darunavir,1,2020-01-29
Drug,darunavir/cobicistat,1,2020-01-29
Drug,das181,1,2020-03-25
Diagnostic Test,data collection/rhinopharyngeal swab,1,2020-03-20
Drug,day,1,2020-05-07
Drug,decitabine,1,2020-07-21
Drug,deferoxamine,1,2020-04-01
Drug,defibrotide 25 mg/kg 24 hours continuous infusion for 15 days,1,2020-04-08
Drug,degarelix,1,2020-05-14
Drug,deglycyrrhizinated licorice,1,2020-09-15
Other,derivatives.,1,2020-04-02
Drug,desidustat,1,2020-07-07
Combination Product,device),1,2020-04-09
Drug,dexamethasone 2 mg,1,2020-10-21
Drug,dexamethasone 2 mg/ml,1,2020-10-21
Drug,dexamethasone/hydroxychloroquine,1,2020-04-09
Device,dexcom,1,2020-05-26
Drug,dfv890,1,2020-05-08
Diagnostic Test,diagnostic,1,2020-07-02
Diagnostic Test,diagnostic test covid-19,1,2020-06-10
Diagnostic Test,diagnostic test for sars-cov2 for patients,1,2020-05-18
Diagnostic Test,diagnostic test for sars-cov2 for patients/health staff,1,2020-05-18
Diagnostic Test,diagnostic tests for covid-19 infection,1,2020-04-29
Behavioral,dialectical behavioral therapy (dbt) skills,1,2020-09-20
Dietary Supplement,dietary supplement,1,2020-10-15
Drug,dietary supplement containing resistant starch,1,2020-04-08
Other,difficulties lived by disabled children's parents in the period of covid-19 pandemic,1,2020-06-28
Other,dig axial,1,2020-07-14
Other,dig tilted,1,2020-07-14
Other,digital cardiac counseling,1,2020-05-11
Behavioral,digital health online platform,1,2020-05-21
Device,digital oximeter monitoring,1,2020-08-18
Drug,diovan,1,2020-04-02
Drug,dipyridamole er 200mg,1,2020-05-28
Drug,dipyridamole er 200mg/ aspirin 25mg orally/enterally/standard of care,1,2020-05-28
Diagnostic Test,direct antigen tests for covid-19,1,2020-09-27
Other,discontinuation of acei,1,2020-04-14
Other,discontinuation of acei/arb,1,2020-04-14
Other,discontinuation of arb,1,2020-04-01
Drug,discontinuation of ras blocker,1,2020-03-28
Behavioral,discussion board for social support,1,2020-07-20
Behavioral,discussion board for social support /basic feedback,1,2020-07-20
Behavioral,discussion board for social support/personalized feedback,1,2020-07-20
Other,distance learning,1,2020-04-27
Drug,dociparastat sodium,1,2020-05-13
Other,doppler echo,1,2020-04-23
Drug,dornase alfa,1,2020-05-20
Drug,double-blind nt-i7,1,2020-07-27
Drug,doxycyline,1,2020-10-15
Other,drugs,1,2020-07-16
Other,drugs/supportive care,1,2020-07-16
Drug,dur-928,1,2020-06-23
Drug,dutasteride,1,2020-06-22
Drug,duvelisib,1,2020-04-30
Device,ðžxygen therapy,1,2020-07-01
Drug,early-dexamethasone,1,2020-08-24
Drug,ec-18,1,2020-08-04
Device,ecco2r,1,2020-04-09
Other,economic benefit message,1,2020-07-02
Other,economic freedom message,1,2020-07-02
Drug,eculizumab,1,2020-04-06
Behavioral,educational video,1,2020-04-30
Diagnostic Test,eeg,1,2020-05-26
Other,eit-group,1,2020-07-31
Diagnostic Test,ejaculated semen sample,1,2020-05-13
Drug,eltrombopag,1,2020-08-16
Biological,emapalumab,1,2020-03-25
Other,embarrassment message,1,2020-07-02
Behavioral,emotional support plan,1,2020-07-06
Drug,emtricitabine/tenofovir,1,2020-04-15
Drug,emtricitabine/tenofovir disoproxil,1,2020-04-02
Device,endoscopy,1,2020-05-09
Other,enduring happiness,1,2020-10-23
Other,enduring happiness/continued self-enhancement (enhance) for covid-19,1,2020-10-23
Drug,enoxaparin/lovenox,1,2020-04-27
Behavioral,enriched survey feedback,1,2020-04-30
Drug,ensifentrine,1,2020-08-06
Diagnostic Test,ent exam,1,2020-08-03
Drug,enterally,1,2020-05-28
Drug,enzalutamide,1,2020-06-08
Diagnostic Test,ep,1,2020-05-26
Other,epic risk score display,1,2020-09-25
Biological,epivaccorona (epivaccorona vaccine based on peptide antigens for the prevention of covid-19),1,2020-08-11
Drug,escin,1,2020-03-23
Other,essential oil blend,1,2020-07-30
Drug,essential oils,1,2020-05-27
Drug,estradiol,1,2020-04-21
Drug,etoposide,1,2020-04-17
Other,exercise booklet,1,2020-09-18
Other,exercise program,1,2020-09-19
Other,exhaled breath sampling,1,2020-09-20
Drug,experimental group,1,2020-06-30
Other,experimental: questionnaire without precaution information,1,2020-03-08
Device,extracorporeal blood purification using the oxirisâ® (an69st) hemofilter,1,2020-07-14
Other,eye movement desensitisation,1,2020-06-26
Other,eye movement desensitisation/reprocessing recent traumatic event protocol,1,2020-06-26
Biological,f-652,1,2020-07-31
Behavioral,family nurture intervention (fni),1,2020-08-19
Device,familychildcare (provisional name of app),1,2020-06-26
Other,farmalarm,1,2020-06-06
Drug,favipiravir / standard care,1,2020-04-16
Drug,favipiravir/azithromycin,1,2020-05-23
Drug,favipiravir/chloroquine,1,2020-03-20
Drug,favipiravir/nitazoxanide,1,2020-08-26
Drug,favipiravir/tocilizumab,1,2020-03-09
Other,fecal sample,1,2020-03-31
Other,fenofibrate,1,2020-08-17
Biological,ffp,1,2020-10-12
Diagnostic Test,filmarray pneumonia,1,2020-05-06
Device,filtration test,1,2020-06-26
Diagnostic Test,fingerstick,1,2020-09-17
Drug,fingolimod,1,2020-02-20
Drug,fisetin,1,2020-07-15
Device,fit test,1,2020-06-26
Device,flow controlled ventilation (evone-ventilator),1,2020-05-18
Drug,fluoxetine,1,2020-04-18
Drug,fluvoxamine,1,2020-04-08
Drug,folic acid,1,2020-04-16
Drug,fondapariniux,1,2020-05-26
Drug,fondaparinux,1,2020-04-23
Drug,formoterol,1,2020-03-30
Device,freestyle libre 14 day cgm system,1,2020-06-01
Drug,fuzheng huayu,1,2020-02-15
Biological,gam-covid-vac lyo,1,2020-06-16
Behavioral,gamification,1,2020-05-04
Device,gammacoreâ® (vagus nerve stimulation),1,2020-04-20
Device,gammacoreâ® sapphire (non-invasive vagus nerve stimulator),1,2020-04-14
Biological,gamunex-c,1,2020-07-20
Drug,ganovo,1,2020-02-27
Drug,ganovo/ritonavir//-interferon nebulization,1,2020-02-27
Biological,"garadacimab, factor xiia antagonist monoclonal antibody",1,2020-05-28
Drug,gargle,1,2020-04-25
Other,gas exchanges at different peep,1,2020-04-13
Drug,gc4419,1,2020-09-16
Biological,gc5131,1,2020-09-16
Behavioral,general health education,1,2020-03-20
Drug,gimsilumab,1,2020-04-15
Drug,gls-1200,1,2020-05-22
Dietary Supplement,glycine,1,2020-06-18
Device,go2 peep mouthpiece,1,2020-03-31
Biological,grad-cov2,1,2020-08-19
Drug,group 1: rivaroxaban 20mg/d followed by enoxaparin/unfractionated heparin when needed,1,2020-05-08
Drug,guduchi ghan vati,1,2020-09-08
Behavioral,guided online support program,1,2020-03-26
Other,guilt message,1,2020-07-02
Drug,gx-19,1,2020-06-19
Biological,had5-s-fusion,1,2020-10-13
Biological,had5-s-fusion/n-etsd vaccine,1,2020-10-13
Behavioral,hads,1,2020-04-28
Other,health enhancement program,1,2020-04-26
Behavioral,health literacy,1,2020-06-29
Diagnostic Test,health staff,1,2020-05-18
Other,health supplements,1,2020-08-11
Behavioral,health warning leaflet,1,2020-05-19
Other,healthy lifestyle advise,1,2020-09-19
Behavioral,healthy minds program foundations training,1,2020-06-09
Other,hemodynamics changes at different peep,1,2020-04-13
Biological,hepatitis a vaccine,1,2020-08-13
Drug,herbal phenolic monoterpene,1,2020-05-15
Drug,hfb30132a,1,2020-10-08
Radiation,high dose radiation 100 cgy,1,2020-06-20
Device,high flow nasal cannula (hfnc),1,2020-03-26
Behavioral,high intensity interval training,1,2020-05-21
Other,home-cov rule implementation,1,2020-04-05
Other,home care monitoring,1,2020-04-14
Device,home pulse oximetry monitoring,1,2020-04-30
Behavioral,hope intervention,1,2020-03-31
Biological,human amniotic fluid,1,2020-03-22
Drug,hydrocortisone,1,2020-04-11
Device,hydrogen oxygen generator with nebulizer,1,2020-04-29
Drug,hydroxychloroquine / metabolic cofactor supplementation,1,2020-09-30
Drug,hydroxychloroquine / oxygen,1,2020-07-16
Drug,hydroxychloroquine / sorbitol,1,2020-09-30
Combination Product,hydroxychloroquine/azithromycin/ tocilizumab,1,2020-04-07
Drug,hydroxychloroquine/clindamycin,1,2020-04-11
Drug,hydroxychloroquine/clindamycin/primaquine,1,2020-04-11
Drug,hydroxychloroquine/doxycycline,1,2020-04-11
Drug,hydroxychloroquine/lopinavir/ritonavir,1,2020-05-23
Drug,hydroxychloroquine/placebo,1,2020-04-05
Drug,hydroxyvitamin,1,2020-05-11
Drug,hyperimmune immunoglobulin to sars-cov-2 (hivig),1,2020-09-08
Other,hypothermia via cooling machine- arctic sun 5000,1,2020-07-21
Drug,icatibant,1,2020-07-14
Drug,icosapent ethyl,1,2020-05-29
Other,icu recovery,1,2020-05-12
Other,icu recovery / physical therapy,1,2020-05-12
Drug,ifx-1,1,2020-04-01
Drug,igiv,1,2020-05-18
Biological,imm-101,1,2020-06-19
Biological,immune globulin,1,2020-06-12
Combination Product,immunofree tablets,1,2020-07-28
Combination Product,immunofree tablets/reginmune capsule,1,2020-07-28
Biological,inactivated vaccine,1,2020-08-07
Drug,inb03,1,2020-04-29
Drug,indian costus,1,2020-09-15
Drug,indomethacin,1,2020-04-08
Other,inflammatory cytokines,1,2020-04-21
Other,inflammatory cytokines/chemokines profiles of patients with dexmedetomidine administration,1,2020-04-21
Drug,inhaled type i interferon,1,2020-07-13
Biological,injection,1,2020-02-17
Drug,inm005,1,2020-07-29
Combination Product,inopulse,1,2020-06-05
Drug,insulin,1,2020-09-03
Drug,interferon-î² 1a,1,2020-04-14
Drug,intermediate dose enoxaparin/ unfractionated heparin,1,2020-07-22
Behavioral,intermittent,1,2020-04-24
Behavioral,internet-based cognitive behavioral therapy,1,2020-08-07
Behavioral,internet-based self-help,1,2020-05-07
Behavioral,internet-based self-help after 3 weeks,1,2020-05-07
Behavioral,internet-delivered cognitive behavior therapy (icbt) for dysfunctional worry related to the covid-19 pandemic,1,2020-04-07
Behavioral,intervention app,1,2020-05-18
Behavioral,intervention group coronacope,1,2020-06-04
Other,intervention group_rehabilitation program,1,2020-07-09
Behavioral,intervention program,1,2020-05-13
Other,interview by psychologists,1,2020-05-19
Biological,intramuscular vaccine,1,2020-06-18
Device,intraosseous,1,2020-04-23
Device,intravenous,1,2020-04-23
Drug,intravenous drug,1,2020-03-26
Device,invasive mechanical ventilation using the unisabana-herons ventilator during 24 hours,1,2020-07-27
Dietary Supplement,investigational product - viracide,1,2020-10-19
Drug,iota-carrageenan,1,2020-08-19
Drug,isis 721744,1,2020-09-09
Drug,isoflurane inhalant product,1,2020-06-02
Drug,itolizumab,1,2020-07-16
Drug,iv tocillizumab (tcz),1,2020-09-03
Drug,ivermectin (iver pâ®) arm will receive ivm 600 âµg,1,2020-05-05
Drug,ivermectin (iver pâ®) arm will receive ivm 600 âµg / kg once daily/standard care. control arm will receive standard care.,1,2020-05-05
Drug,ivermectin / chloroquine,1,2020-04-15
Drug,ivermectin / doxycycline / placebo,1,2020-05-17
Drug,ivermectin / placebo,1,2020-05-17
Drug,ivermectin/doxycycline,1,2020-08-19
Drug,ivermectin/doxycyline,1,2020-10-15
Drug,ivig,1,2020-07-15
Biological,kamada anti-sars-cov-2,1,2020-09-10
Device,kelea water,1,2020-07-27
Drug,ketamine,1,2020-04-26
Other,ketogenic diet,1,2020-07-25
Drug,kg 24 hours continuous infusion for 15 days,1,2020-04-08
Drug,kg once daily,1,2020-05-05
Behavioral,kundalini yoga,1,2020-05-11
Behavioral,kundalini yoga/anxiety reduction training,1,2020-05-11
Dietary Supplement,lactobaciltus rhamnosus gg,1,2020-05-19
Drug,lambda 180 mcg s.c,1,2020-04-20
Biological,lanadelumab,1,2020-06-03
Device,laryngoscope,1,2020-06-01
Procedure,laryngoscopy,1,2020-04-24
Drug,lau-7b,1,2020-05-28
Drug,leaf-4l6715,1,2020-05-05
Drug,leflunomide,1,2020-04-22
Other,let it out (lio)-c,1,2020-05-12
Other,leukapheresis,1,2020-07-09
Drug,levamisole,1,2020-03-30
Drug,levamisole / budesonide/formoterol,1,2020-03-30
Drug,levilimab,1,2020-05-19
Drug,liberase enzyme,1,2020-03-26
Biological,licensed seasonal influenza vaccine,1,2020-10-09
Dietary Supplement,licorice extract,1,2020-07-24
Device,life2000â® ventilator,1,2020-08-19
Behavioral,lifestyle change promotion program,1,2020-06-09
Device,limbix spark,1,2020-08-20
Drug,linagliptin,1,2020-09-03
Drug,linagliptin 5 mg,1,2020-04-30
Drug,liposomal,1,2020-07-16
Biological,longitudinally,1,2020-05-05
Drug,lopinavir 200 mg,1,2020-04-16
Drug,lopinavir 200 mg / ritonavir 50 mg [kaletra],1,2020-04-16
Drug,lopinavir/ ritonavir,1,2020-06-16
Drug,lopinavir/ritonavir / hydoxychloroquine,1,2020-03-30
Drug,losmapimod,1,2020-08-08
Drug,lovenox,1,2020-04-27
Drug,low-molecular-weight heparin,1,2020-10-06
Biological,low/upper respiratory tract sample,1,2020-04-28
Diagnostic Test,lung impedance,1,2020-05-23
Other,lung mechanics at different peep,1,2020-04-13
Diagnostic Test,lung ultrasound use in patients hospitalized with covid,1,2020-09-04
Biological,lv-smenp-dc vaccine,1,2020-02-17
Biological,lv-smenp-dc vaccine/antigen-specific ctls,1,2020-02-17
Drug,ly3127804,1,2020-04-10
Drug,ly3832479,1,2020-06-09
Drug,m-m-r ii â® vaccine,1,2020-03-31
Drug,m5049,1,2020-06-25
Other,machine learning,1,2020-05-04
Other,machine learning/ai algorithm,1,2020-05-04
Other,magnetic resonance spectroscopy (mrs).,1,2020-09-10
Other,maintenance,1,2020-04-07
Device,makair,1,2020-07-15
Dietary Supplement,manremyc,1,2020-06-25
Device,marker therapeutics d2000 cartridge (d2000) for use with the spectra optiaâ® apheresis system (optia spd protocol),1,2020-04-20
Drug,mas825,1,2020-05-08
Device,mask,1,2020-04-08
Procedure,masseter inhibitory reflex,1,2020-05-08
Biological,matrix m1-adjuvant,1,2020-10-09
Other,maximal effort test,1,2020-04-24
Device,mcgrath videolaryngoscope,1,2020-06-01
Drug,measles-mumps-rubella vaccine,1,2020-04-19
Other,media intervention,1,2020-07-21
Other,medical record review - inpatient treatment,1,2020-07-23
Procedure,meditation therapy,1,2020-07-21
Behavioral,meditation/anxiety reduction training,1,2020-05-11
Biological,medium dosage inactivated sars-cov-2 vaccine on a 0-/14-day schedule,1,2020-05-21
Combination Product,mefloquine/azithromycin/ tocilizumab,1,2020-04-07
Drug,melatonin intravenous,1,2020-09-28
Drug,melphalan,1,2020-05-06
Biological,menacwy vaccine,1,2020-05-12
Behavioral,mencare,1,2020-06-19
Behavioral,mencare//bandebereho fathers'/couples' group education,1,2020-06-19
Behavioral,mental imagery,1,2020-10-02
Behavioral,mental well-being,1,2020-04-07
Drug,meplazumab,1,2020-02-06
Drug,merimepodib,1,2020-04-28
Other,mesenchymal stromal cell-based therapy,1,2020-07-31
Biological,mesenchymalÂ stem cells/heparin,1,2020-04-13
Behavioral,messaging,1,2020-04-28
Drug,metabolic cofactor supplementation,1,2020-09-30
Device,metanebâ® system,1,2020-10-06
Drug,metenkefalin,1,2020-04-30
Drug,metenkefalin / tridecactide,1,2020-04-30
Drug,methotrexate-lde phase 1,1,2020-10-24
Drug,methotrexate-lde phase 2,1,2020-10-24
Drug,methylene blue,1,2020-05-01
Drug,methylene blue/ vitamin c/n-acetyl cysteine,1,2020-04-29
Drug,methylprednisolone injectable product,1,2020-09-15
Drug,methylprednisolone injection,1,2020-10-21
Biological,mf59 adjuvanted sars-cov-2 sclamp vaccine,1,2020-07-13
Dietary Supplement,micronized,1,2020-09-24
Dietary Supplement,"micronized/ultra-micronized palmitoylethanolamide (mpea/umpea, 300mg / 600mg) oral suspension",1,2020-09-24
Behavioral,mindfullness training,1,2020-05-04
Behavioral,mindfulness session(s),1,2020-03-20
Behavioral,minimal attention control intervention,1,2020-08-10
Device,miniprobe alveoflex,1,2020-06-29
Drug,ml intravenous solution [actemra]_#1,1,2020-06-11
Drug,ml intravenous solution [actemra]_#1 (2 doses),1,2020-06-11
Drug,ml prefilled syringe [kineret],1,2020-06-18
Device,mls laser,1,2020-05-04
Other,moderate intensity aerobic exercises,1,2020-10-04
Drug,molgramostim nebuliser solution,1,2020-09-25
Drug,mometasone furoate nasal spray,1,2020-07-22
Diagnostic Test,monitoring visit,1,2020-04-07
Combination Product,monoclonal antibody,1,2020-06-06
Drug,montmorrillonite,1,2020-05-13
Device,mouthrinse with bãªta-cyclodextrin,1,2020-04-15
Device,mouthrinse with bãªta-cyclodextrin/citrox,1,2020-04-15
Device,mouthrinse without bãªta-cyclodextrin,1,2020-04-15
Device,mouthrinse without bãªta-cyclodextrin/citrox,1,2020-04-15
Other,moxibustion,1,2020-04-20
Other,moxibustion/cupping,1,2020-04-20
Drug,mr,1,2020-03-31
Drug,mr/m-m-r ii â® vaccine,1,2020-03-31
Drug,mrx-4dp0004,1,2020-04-24
Drug,mstt1041a,1,2020-05-11
Drug,mucodentol,1,2020-07-09
Biological,multistem,1,2020-04-27
Drug,n-acetyl cysteine,1,2020-09-26
Biological,n-etsd vaccine,1,2020-10-13
Combination Product,na-831/atazanavir,1,2020-06-26
Combination Product,na-831/dexamethasone,1,2020-06-26
Drug,naltrexone,1,2020-04-26
Diagnostic Test,nasal,1,2020-09-17
Other,nasal lavage,1,2020-09-21
Diagnostic Test,nasopharyngeal swabs,1,2020-04-27
Biological,nasovax,1,2020-06-17
Behavioral,neurocognitive assessment,1,2020-10-12
Device,neuromuscular,1,2020-04-24
Other,neuromuscular electrical stimulation,1,2020-05-08
Other,neutral writing control,1,2020-05-12
Behavioral,news,1,2020-05-04
Diagnostic Test,ng biotech,1,2020-04-17
Diagnostic Test,ng test,1,2020-05-27
Drug,niclosamide,1,2020-10-20
Drug,niclosamide suspension,1,2020-09-18
Dietary Supplement,nicotinamide riboside,1,2020-05-22
Drug,nigella sativa oil,1,2020-09-15
Device,nioâ® (intraosseous access),1,2020-04-23
Drug,nitazoxanide / ivermectin,1,2020-04-15
Drug,nitazoxanide/atazanavir/ritonavir,1,2020-07-03
Device,nitric oxide delivered via lungfitâ„¢ system,1,2020-05-19
Drug,nk-1r antagonist,1,2020-07-07
Behavioral,no instruction regarding positioning,1,2020-04-26
Behavioral,no intervention,1,2020-07-05
Device,non-contact mce system,1,2020-03-21
Device,non-invasive red lllt treatment to chest of patient.,1,2020-08-19
Behavioral,non-mindfulness intervention,1,2020-05-18
Drug,normal saline intranasal,1,2020-06-16
Other,not bravery message,1,2020-07-02
Drug,nox66,1,2020-09-16
Drug,np-120 (ifenprodil),1,2020-05-08
Behavioral,nudge,1,2020-05-04
Drug,nusepinâ® 0.1 mg,1,2020-09-23
Drug,nusepinâ® 0.2 mg,1,2020-09-23
Other,nutrition,1,2020-06-03
Drug,nuvastatic,1,2020-09-06
Other,observation,1,2020-06-19
Other,obvio-19 app,1,2020-06-17
Diagnostic Test,olfactometry,1,2020-08-03
Drug,olokizumab,1,2020-05-06
Drug,omega 3/nigella sativa oil,1,2020-09-15
Drug,omega 3/nigella sativa oil/anise seed capsule,1,2020-09-15
Drug,omega 3/nigella sativa oil/deglycyrrhizinated licorice,1,2020-09-15
Drug,omega 3/nigella sativa oil/indian costus,1,2020-09-15
Drug,omega 3/nigella sativa oil/quinine pills,1,2020-09-15
Drug,omeprazole,1,2020-04-01
Dietary Supplement,omnibiotic aad,1,2020-06-04
Biological,one covid-19 vaccine candidate (tmv-083) administration - high dose,1,2020-07-31
Behavioral,online intervention mental health covid-19,1,2020-07-10
Other,online questionnaires,1,2020-07-23
Drug,op-101,1,2020-06-29
Drug,ophtamesone,1,2020-09-29
Behavioral,opt-in recruitment email,1,2020-08-07
Behavioral,opt-out recruitment email,1,2020-08-07
Diagnostic Test,optical coherence tomography (oct),1,2020-05-21
Other,"or psychotherapy, n=10)",1,2020-06-22
Drug,oral,1,2020-02-24
Biological,oral polio vaccine / information,1,2020-06-22
Drug,oseltamivir 75mg,1,2020-09-03
Biological,otilimab,1,2020-05-04
Dietary Supplement,oxaloacetate medical food,1,2020-10-15
Dietary Supplement,oxaloacetate medical food/dietary supplement,1,2020-10-15
Other,oxygen-ozone,1,2020-04-22
Device,oxyhydrogen,1,2020-03-25
Drug,ozanimod,1,2020-05-26
Procedure,ozone,1,2020-05-11
Drug,p2et (caesalpinia spinosa extract),1,2020-05-27
Drug,pacritinib,1,2020-05-22
Drug,pamrevlumab,1,2020-06-12
Drug,paracetamol,1,2020-03-20
Drug,part 1 - tl-895,1,2020-06-03
Drug,part 2 - tl-895,1,2020-06-03
Diagnostic Test,passive microwave radiometry,1,2020-09-23
Behavioral,patient-centred advice on telephone consultation in tb patients:,1,2020-05-30
Device,pbmt,1,2020-05-08
Device,pbmt/smf,1,2020-05-08
Diagnostic Test,pcr/serology,1,2020-05-15
Behavioral,peer resilience champion,1,2020-04-30
Drug,pegylated interferon-î±2b,1,2020-07-20
Biological,pembrolizumab,1,2020-03-31
Drug,pemziviptadil (pb1046),1,2020-05-28
Drug,pentoxifylline,1,2020-09-26
Device,pep flute,1,2020-08-25
Diagnostic Test,performance evaluation,1,2020-04-30
Diagnostic Test,performance of the test antigenic,1,2020-10-01
Diagnostic Test,performance of the test antigenic/test rt-pcr,1,2020-10-01
Device,performing of lung ultrasound,1,2020-06-15
Other,personal freedom message,1,2020-07-02
Device,personal protective equipment,1,2020-07-09
Behavioral,personalized feedback,1,2020-07-20
Behavioral,personalized health education,1,2020-03-20
Drug,pf-07304814,1,2020-08-21
Radiation,phase 1,1,2020-05-15
Radiation,phase 2,1,2020-05-15
Drug,phr160 spray,1,2020-07-04
Other,physiotherapy,1,2020-05-22
Combination Product,phytomedicine,1,2020-08-04
Drug,pioglitazone,1,2020-06-22
Drug,piperacillin,1,2020-05-15
Drug,piperacillin/tazobactam,1,2020-05-15
placebo,placebo-lde phase 2,1,2020-10-24
Biological,placebo/aluminum adjuvant of inactivated sars-cov-2 vaccine,1,2020-09-16
Drug,placebo/control,1,2020-07-30
Drug,plant polyphenol,1,2020-05-22
Drug,plitidepsin,1,2020-05-07
Drug,pln-74809,1,2020-09-15
Biological,plx-pad,1,2020-05-14
Biological,pneumococcal vaccine,1,2020-08-13
Combination Product,polio vaccine,1,2020-09-04
Combination Product,polio vaccine/na-831,1,2020-09-04
Drug,poractant alfa,1,2020-05-07
Behavioral,position,1,2020-06-11
Behavioral,positive feedback,1,2020-06-18
Other,postural positioning,1,2020-04-10
Drug,povidone,1,2020-04-08
Device,power breathe,1,2020-10-25
Behavioral,prayer,1,2020-04-16
Drug,prazosin,1,2020-04-24
Other,prediction market,1,2020-05-27
Dietary Supplement,preservision areds formulation gel tabs,1,2020-09-09
Other,primary care,1,2020-07-09
Biological,primepro,1,2020-09-23
Other,probiorinse,1,2020-07-01
Dietary Supplement,probiotics,1,2020-08-16
Behavioral,problem-solving,1,2020-04-12
Behavioral,problem-solving/relationship improvement intervention.,1,2020-04-12
Procedure,procalcitonin,1,2020-04-02
Drug,progesterone,1,2020-04-24
Other,progressive cycling exercise test to exhaustion,1,2020-09-09
Biological,prolastin,1,2020-07-28
Other,prolectin-m; a (1-6)-alpha-d-mannopyranose class,1,2020-08-11
Drug,prophylactic,1,2020-05-20
Drug,prophylaxis,1,2020-03-05
Drug,propofol,1,2020-04-21
Device,prototype,1,2020-04-24
Drug,proxalutamide,1,2020-06-22
Other,psg,1,2020-04-28
Other,psychoeducation,1,2020-08-20
Other,psychoeducational intervention,1,2020-04-11
Behavioral,psychological,1,2020-06-03
Behavioral,psychological/behaviour change support,1,2020-06-03
Behavioral,psychotherapy,1,2020-07-13
Drug,ptc299,1,2020-06-17
Diagnostic Test,pulmonary anomalies 4 months after documented covid-19 pneumonia,1,2020-06-05
Diagnostic Test,pulmonary function testing,1,2020-08-18
Other,pulmonary physiotherapy techniques,1,2020-04-13
Drug,pulmozyme/ recombinant human deoxyribonuclease (rh-dnase),1,2020-06-22
Diagnostic Test,pulse oximetry,1,2020-05-26
Drug,pyridostigmine bromide,1,2020-04-09
Biological,qazcovid-inâ® - covid-19 inactivated vaccine,1,2020-08-26
Diagnostic Test,qrt-pcr,1,2020-08-18
Diagnostic Test,qrt-pcr/serology,1,2020-08-18
Dietary Supplement,quadramune(tm),1,2020-06-04
Other,quality-of-life assessment,1,2020-07-21
Other,quality of life promotion,1,2020-08-07
Dietary Supplement,quercetin phytosome,1,2020-10-06
Drug,quinine,1,2020-09-15
Combination Product,quinquina-stevia,1,2020-08-03
Combination Product,quinquina-stevia/azythromycin,1,2020-08-03
Drug,r tablets,1,2020-03-25
Radiation,radiological,1,2020-05-04
Drug,ramipril,1,2020-04-24
Diagnostic Test,rapid salivary test,1,2020-04-15
Drug,rayaldee 30mcg extended-release (er) capsule,1,2020-09-15
Drug,razuprotafib,1,2020-07-14
Drug,razuprotafib subcutaneous solution,1,2020-08-07
Drug,rbt-9 (90 mg),1,2020-04-20
Drug,rdv,1,2020-08-05
Behavioral,reading a book,1,2020-08-03
Behavioral,recharge,1,2020-08-26
Drug,recombinant human interferon î±2b spray,1,2020-02-14
Drug,recombinant human plasma gelsolin (rhu-pgsn),1,2020-04-16
Biological,rectal swab,1,2020-04-17
Behavioral,referral card,1,2020-05-19
Combination Product,reginmune,1,2020-07-28
Other,regular care,1,2020-06-03
Other,rehabilitation,1,2020-04-26
Behavioral,relationship improvement intervention.,1,2020-04-12
Behavioral,remain covid free ssi,1,2020-06-29
Drug,remdesivir-hu,1,2020-10-11
Biological,remestemcel-l,1,2020-04-28
Behavioral,remote cognitive behavioral therapy for insomnia,1,2020-05-28
Other,removal of dead space filter,1,2020-06-07
Drug,renin-angiotensin system inhibitors,1,2020-07-29
Other,reprocessing recent traumatic event protocol,1,2020-06-26
Drug,"resp301, a nitric oxide generating solution",1,2020-07-03
Other,respiratory function rehabilitation training,1,2020-02-15
Biological,respiratory tract sample,1,2020-04-28
Dietary Supplement,resveratrol,1,2020-09-08
Drug,rh-dnase,1,2020-06-22
Drug,rhace2,1,2020-04-01
Diagnostic Test,rhinopharyngeal,1,2020-03-20
Drug,rhtpo,1,2020-08-16
Drug,rintatolimod,1,2020-05-06
Biological,risankizumab,1,2020-10-09
Drug,ritonavir 50 mg [kaletra],1,2020-04-16
Drug,ritonavir/oseltamivir,1,2020-02-04
Drug,roactemra,1,2020-03-24
Procedure,robot assisted percutaneous cardiovascular intervention,1,2020-04-27
Drug,rosuvastatin,1,2020-04-15
Biological,rph-104,1,2020-05-06
Biological,sab-185,1,2020-07-08
Other,saline-sodium citrate (ssc) buffer,1,2020-06-16
Biological,saline containing 1% human serum albuminï¼ˆsolution without uc-mscsï¼‰,1,2020-02-24
Other,saline with baby shampoo nasal irrigation,1,2020-04-11
Drug,saline/standard care,1,2020-03-14
Device,saliva assay,1,2020-10-06
Diagnostic Test,sample collection,1,2020-04-30
Diagnostic Test,sample collection/performance evaluation (a),1,2020-04-30
Diagnostic Test,sample collection/performance evaluation (b),1,2020-04-30
Diagnostic Test,sampling,1,2020-06-22
Drug,sar443122,1,2020-06-28
Biological,sars-cov-2 antibody based ivig therapy,1,2020-05-07
Other,sars-cov-2 infection,1,2020-04-03
Diagnostic Test,"sars-cov-2 research in nasopharyngeal swab, sperm",1,2020-07-21
Diagnostic Test,"sars-cov-2 research in nasopharyngeal swab, sperm/serologics",1,2020-07-21
Biological,sars-cov-2 rs/matrix m1-adjuvant,1,2020-10-09
Biological,sars-cov-2 specific t cells,1,2020-07-02
Biological,sars-cov-2 vaccine formulation 1 with adjuvant 1,1,2020-09-02
Biological,sars-cov-2 vaccine formulation 1 with adjuvant 2,1,2020-09-02
Biological,sars-cov-2 vaccine formulation 2 with adjuvant 1,1,2020-09-02
Biological,sars-cov-2 vaccine formulation 2 with adjuvant 2,1,2020-09-02
Biological,sars-cov-2 vaccine formulation 2 without adjuvant,1,2020-09-02
Biological,scb-2019,1,2020-05-25
Biological,scb-2019 with as03 adjuvant,1,2020-05-25
Biological,scb-2019 with cpg 1018 adjuvant,1,2020-05-25
Biological,scb-2019 with cpg 1018 adjuvant/alum adjuvant,1,2020-05-25
Device,scd,1,2020-05-17
Other,sch intervention,1,2020-06-26
Behavioral,self-compassion for chronic pain virtual group treatment program,1,2020-05-21
Behavioral,self-help booklet,1,2020-05-26
Other,self-interest message,1,2020-07-02
Behavioral,self-management booklet (switch: stay well during covid-19),1,2020-05-26
Behavioral,self-questionnary,1,2020-05-27
Behavioral,self study,1,2020-08-26
Drug,selinexor,1,2020-04-14
Drug,senicapoc,1,2020-10-07
Other,serum,1,2020-04-22
Drug,sessions,1,2020-07-16
Other,severity of lung involvement with covid-19.,1,2020-09-29
Behavioral,shared decision making,1,2020-09-09
Behavioral,shg,1,2020-06-12
Drug,sildenafil,1,2020-07-25
Drug,sildenafil citrate,1,2020-02-14
Drug,silymarin,1,2020-05-15
Behavioral,simha kriya,1,2020-08-03
Drug,simvastatin,1,2020-04-13
Drug,sirukumab,1,2020-05-07
Dietary Supplement,sivomixx,1,2020-04-22
Device,sledd with a l-mod,1,2020-04-07
Device,smf,1,2020-05-08
Behavioral,sms-based support,1,2020-05-19
Behavioral,sms message support,1,2020-05-26
Drug,sng001,1,2020-04-24
Drug,soc / ifx-1,1,2020-04-01
Drug,soc / intravenous famotidine,1,2020-04-27
Drug,sofosbuvir/daclatasvir,1,2020-08-26
Drug,sorbitol,1,2020-09-30
Device,spartan covid-19 system,1,2020-07-14
Other,specific exercise rehabilitation treatment,1,2020-09-10
Other,spin-chat program,1,2020-04-01
Other,staff wellbeing centres,1,2020-05-22
Biological,standard care/placebo,1,2020-08-12
Other,standard interface,1,2020-04-08
Drug,standard of care thromboprophylaxis,1,2020-04-13
Drug,standard prophylactic dose enoxaparin,1,2020-07-22
Drug,standard prophylactic dose enoxaparin/ unfractionated heparin,1,2020-07-22
Drug,standard therapy protocol (stp),1,2020-06-07
Procedure,stellate ganglion block,1,2020-05-22
Diagnostic Test,stimulation test with arginine infusion in order to verify the possible existence of damage to the beta cell function induced by covid-19 infection,1,2020-07-02
Other,stp,1,2020-06-07
Other,stp / covid-19 convalescent plasma (cp),1,2020-06-07
Other,stp / standard plasma (sp),1,2020-06-07
Other,sudarshan kriya yoga (sky),1,2020-04-26
Drug,sulodexide,1,2020-07-22
Other,supine position,1,2020-09-08
Other,supine positioning,1,2020-06-05
Drug,supportive/symptomatic treatment,1,2020-07-14
Other,surgical facial mask,1,2020-04-02
Other,suspension,1,2020-04-07
Drug,suspension of heat killed (autoclaved) mycobacterium w,1,2020-03-31
Other,suspension/maintenance of angiotensin receptor blockers/angiotensin-converting enzyme inhibitors,1,2020-04-07
Biological,swab,1,2020-04-28
Other,sweat samples (covidog ancillary study),1,2020-03-31
Drug,symbicort,1,2020-03-29
Drug,symptomatic drugs,1,2020-05-25
Drug,symptomatic treatment,1,2020-07-14
Drug,symptomatic treatment (paracetamol,1,2020-06-03
Drug,symptomatic treatment (paracetamol),1,2020-06-03
Drug,symptomatic treatment (paracetamol/best symptomatic treatment based on doctor recommendations),1,2020-06-03
Drug,synthetic neutralising antibodies,1,2020-05-07
Biological,t cell derived exosom,1,2020-05-12
Biological,t memory cells,1,2020-10-01
Biological,t memory cells/nk cells,1,2020-10-01
Drug,t3 solution,1,2020-04-09
Drug,tacrolimus,1,2020-04-07
Device,tape-software,1,2020-07-28
Drug,tazobactam,1,2020-05-15
Device,tcc-covid mhealth,1,2020-05-21
Drug,td139,1,2020-07-09
Behavioral,tele-interventions related to diabetes management,1,2020-04-07
Behavioral,tele-interventions related to diabetes management/mental well-being,1,2020-04-07
Behavioral,telehealth/counselling,1,2020-09-08
Procedure,telephone follow-up,1,2020-04-14
Behavioral,telesimulation,1,2020-08-12
Drug,tenecteplase,1,2020-08-06
Drug,tenofovir,1,2020-04-15
Drug,tenofovir disoproxil,1,2020-04-02
Diagnostic Test,test rt-pcr,1,2020-10-01
Diagnostic Test,testing,1,2020-10-19
Drug,tetrandrine,1,2020-03-04
Other,the management of severe covid-19 cases,1,2020-08-05
Other,therapeutic exercise,1,2020-08-17
Other,therapeutic exercise/education,1,2020-08-17
Drug,theraputic heparin,1,2020-08-06
Behavioral,therapy intervention,1,2020-05-06
Diagnostic Test,throat swab,1,2020-09-17
Drug,thymalfasin,1,2020-07-22
Drug,thymosin,1,2020-03-21
Biological,tigeraseâ®,1,2020-07-03
Biological,tigeraseâ®/best available care,1,2020-07-03
Drug,tirofiban,1,2020-04-23
Drug,tj003234,1,2020-04-04
Drug,tnkase,1,2020-09-19
Drug,tociliuzumab,1,2020-04-21
Drug,tocilizumab 20 mg/ml intravenous solution [actemra]_#1,1,2020-06-11
Drug,tocilizumab 20 mg/ml intravenous solution [actemra]_#1 (2 doses),1,2020-06-11
Procedure,tracheotomy,1,2020-05-24
Drug,tradipitant,1,2020-03-26
Drug,traditional chinese medicine,1,2020-01-28
Other,training clinicians in basic critical care,1,2020-08-05
Other,training clinicians in basic critical care/the management of severe covid-19 cases,1,2020-08-05
Behavioral,"training for awareness, resilience,",1,2020-09-11
Behavioral,"training for awareness, resilience,/action (tara)",1,2020-09-11
Other,"training of youth, community health assistants",1,2020-08-05
Other,"training of youth, community health assistants/community health workers.",1,2020-08-05
Behavioral,training session adressing information,1,2020-06-29
Behavioral,training session adressing information/health literacy,1,2020-06-29
Drug,tranexamic acid,1,2020-04-06
Drug,trans sodium crocetinate,1,2020-09-29
Device,transcutaneous auricular vagus nerve stimulation,1,2020-05-05
Drug,transfusion of sars-cov-2 convalescent plasma.,1,2020-04-24
Drug,transfusion of standard plasma.,1,2020-04-24
Diagnostic Test,transpulmonary pressure measurements,1,2020-08-18
Behavioral,trauma-informed yoga video recording,1,2020-06-30
Drug,treamid,1,2020-08-24
Drug,treatment,1,2020-03-05
Drug,treatment/prophylaxis,1,2020-03-05
Drug,triazavirin (riamilovir),1,2020-09-16
Drug,tridecactide,1,2020-04-30
Drug,trimodulin,1,2020-09-24
Drug,trimoxazole,1,2020-07-11
Other,trust in science message,1,2020-07-02
Biological,trv027,1,2020-04-16
Procedure,tsvf,1,2020-03-26
Biological,two covid-19 vaccine candidate (tmv-083) administrations - high dose,1,2020-07-31
Biological,two covid-19 vaccine candidate (tmv-083) administrations - low dose,1,2020-07-31
Biological,two dose menacwy vaccine min. 4 weeks apart,1,2020-05-12
Biological,"two doses of high dosage inactivated sars-cov-2 vaccine at the schedule of day 0,28",1,2020-05-09
Biological,"two doses of low dosage inactivated sars-cov-2 vaccine at the schedule of day 0,28",1,2020-05-09
Biological,"two doses of medium dosage inactivated sars-cov-2 vaccine at the schedule of day 0,28",1,2020-05-09
Drug,txa127,1,2020-05-21
Dietary Supplement,ultra-micronized palmitoylethanolamide (mpea,1,2020-09-24
Behavioral,ultra brief online mindfulness-based intervention,1,2020-08-26
Drug,umifenovir,1,2020-04-14
Dietary Supplement,"umpea, 300mg",1,2020-09-24
Behavioral,unavailable covid test result - hypothetical scenario,1,2020-07-05
Drug,unfractionated heparin iv,1,2020-05-28
Drug,unfractionated heparin sc,1,2020-05-28
Drug,uni911 inhalation,1,2020-09-28
Behavioral,unified protocol for covid-19 parenting stress (up-covid),1,2020-06-12
Other,unsupervised physical activities,1,2020-06-07
Other,usual antibiotic treatment,1,2020-04-02
Behavioral,usual care positioning with no instructions,1,2020-04-24
Drug,usual practice / symbicort rapihaler,1,2020-03-29
Biological,utooth btc),1,2020-03-28
Drug,uttr1147a,1,2020-05-11
Device,uv light treatment,1,2020-09-28
Biological,v-sars,1,2020-04-29
Biological,v591,1,2020-08-03
Biological,vaccine: recombinant new coronavirus vaccine (cho cell) low-dose group,1,2020-08-16
Biological,vaccine: recombinant new coronavirus vaccine (cho cells) high-dose group,1,2020-08-16
Drug,vadadustat,1,2020-07-15
Other,vehicle,1,2020-04-13
Other,vehicle / heparin along with best supportive care,1,2020-04-13
Other,vehicle control,1,2020-05-22
Diagnostic Test,venous draw,1,2020-10-19
Diagnostic Test,venous draw/testing,1,2020-10-19
Drug,verapamil,1,2020-04-14
Drug,veru-111,1,2020-05-13
Drug,vib7734,1,2020-08-21
Device,vibrolung,1,2020-06-14
Other,video-based intervention,1,2020-08-02
Behavioral,video chat,1,2020-07-20
Behavioral,video chat / basic feedback,1,2020-07-20
Behavioral,video chat /personalized feedback,1,2020-07-20
Other,video dance classes,1,2020-06-07
Device,vielight rx plus,1,2020-06-03
Biological,vir-7831,1,2020-09-04
Drug,virgin coconut oil (vco),1,2020-10-05
Other,virtual care at home,1,2020-05-29
Behavioral,virtual group intervention,1,2020-05-29
Device,virtual reality,1,2020-07-03
Device,virtual reality therapy first,1,2020-08-29
Device,viruxal oral,1,2020-04-20
Device,viruxal oral/nasal spray,1,2020-04-20
Dietary Supplement,vitamin b,1,2020-05-18
Drug,vitamin c tablets,1,2020-02-15
Drug,vitamin e,1,2020-09-26
Dietary Supplement,vitamins,1,2020-04-11
Dietary Supplement,viusid,1,2020-05-25
Dietary Supplement,viusid/asbrip,1,2020-05-25
Device,volatile organic compounds analysis,1,2020-04-28
Device,vv-ecmo,1,2020-03-25
Device,vv-ecmo / cytokine adsorption,1,2020-03-25
Biological,vxa-cov2-1,1,2020-09-21
Device,water without an elevated level of kelea,1,2020-07-27
Other,wearing surgical face mask sprayed with hypertonic saline,1,2020-07-02
Other,weekly assessment,1,2020-04-07
Drug,wfi water nebulization,1,2020-07-13
Behavioral,who recommendations (waiting condition),1,2020-03-26
Device,withings scanwatch,1,2020-07-09
Other,woebot substance use disorder,1,2020-07-01
Behavioral,written summary of rounds,1,2020-08-04
Drug,xav-19,1,2020-06-22
Drug,xc221,1,2020-07-22
Drug,xcel-umc-beta,1,2020-05-07
Behavioral,yoga group,1,2020-05-21
Drug,zanubrutinib,1,2020-05-07
Drug,zavegepant (bhv-3500),1,2020-04-09
Drug,zidovudine,1,2020-04-08
Drug,zilucoplanâ®,1,2020-05-07
Dietary Supplement,zinc citrate,1,2020-05-18
Dietary Supplement,zinc picolinate,1,2020-09-08
Drug,zithromax,1,2020-04-08
Biological,zofin,1,2020-05-09
