nct_id,version,Date,Changes
NCT04245631,1,"January 26, 2020",None (earliest Version on record)
NCT04245631,2,"April 9, 2020",Study Description
NCT04245631,2,"April 9, 2020",Study Status
NCT04256395,1,"February 3, 2020",None (earliest Version on record)
NCT04256395,2,"February 5, 2020",Recruitment Status
NCT04256395,2,"February 5, 2020", Study Status
NCT04256395,2,"February 5, 2020", Contacts/Locations
NCT04256395,2,"February 5, 2020", Outcome Measures
NCT04256395,2,"February 5, 2020", Study Description
NCT04256395,2,"February 5, 2020", Eligibility
NCT04256395,2,"February 5, 2020",Conditions
NCT04256395,3,"February 18, 2020",Study Identification
NCT04256395,3,"February 18, 2020", Eligibility
NCT04256395,3,"February 18, 2020", Study Description
NCT04256395,3,"February 18, 2020", Study Design
NCT04256395,3,"February 18, 2020", Conditions
NCT04256395,3,"February 18, 2020",Study Status
NCT04256395,4,"April 20, 2020",References
NCT04256395,4,"April 20, 2020",Study Status
NCT04260308,1,"February 5, 2020",None (earliest Version on record)
NCT04255940,1,"February 3, 2020",None (earliest Version on record)
NCT04259892,1,"February 5, 2020",None (earliest Version on record)
NCT04259892,2,"February 6, 2020",Recruitment Status
NCT04259892,2,"February 6, 2020", Study Status
NCT04259892,2,"February 6, 2020", Outcome Measures
NCT04259892,2,"February 6, 2020", Contacts/Locations
NCT04259892,2,"February 6, 2020", Study Description
NCT04259892,2,"February 6, 2020",Oversight
NCT04259892,3,"February 7, 2020",Study Status
NCT04259892,4,"February 13, 2020",Study Status
NCT04259892,4,"February 13, 2020", Contacts/Locations
NCT04259892,4,"February 13, 2020", Outcome Measures
NCT04259892,4,"February 13, 2020",Study Description
NCT04259892,5,"May 20, 2020",Outcome Measures
NCT04259892,5,"May 20, 2020", Contacts/Locations
NCT04259892,5,"May 20, 2020", Eligibility
NCT04259892,5,"May 20, 2020", Study Design
NCT04259892,5,"May 20, 2020", Study Description
NCT04259892,5,"May 20, 2020", Study Status
NCT04259892,5,"May 20, 2020",Study Identification
NCT04283396,1,"February 20, 2020",None (earliest Version on record)
NCT04283396,2,"March 5, 2020",Recruitment Status
NCT04283396,2,"March 5, 2020", Study Status
NCT04283396,2,"March 5, 2020", Contacts/Locations
NCT04283396,2,"March 5, 2020",Oversight
NCT04283396,3,"March 15, 2020",Eligibility
NCT04283396,3,"March 15, 2020",Study Status
NCT04279782,1,"February 19, 2020",None (earliest Version on record)
NCT04279782,2,"February 20, 2020",Outcome Measures
NCT04279782,2,"February 20, 2020",Study Status
NCT04274322,1,"February 16, 2020",None (earliest Version on record)
NCT04274322,2,"April 7, 2020",Recruitment Status
NCT04274322,2,"April 7, 2020", Study Status
NCT04274322,2,"April 7, 2020", Contacts/Locations
NCT04274322,2,"April 7, 2020",Study Design
NCT04275947,1,"February 17, 2020",None (earliest Version on record)
NCT04279899,1,"February 19, 2020",None (earliest Version on record)
NCT04279795,1,"February 19, 2020",None (earliest Version on record)
NCT04284046,1,"February 22, 2020",None (earliest Version on record)
NCT04292327,1,"February 29, 2020",None (earliest Version on record)
NCT04285801,1,"February 24, 2020",None (earliest Version on record)
NCT04285801,2,"February 26, 2020",Outcome Measures
NCT04285801,2,"February 26, 2020",Study Status
NCT04285801,3,"February 28, 2020",Study Identification
NCT04285801,3,"February 28, 2020",Study Status
NCT04285801,4,"March 8, 2020",Outcome Measures
NCT04285801,4,"March 8, 2020",Study Status
NCT04292340,1,"February 28, 2020",None (earliest Version on record)
NCT04290780,1,"February 27, 2020",None (earliest Version on record)
NCT04290780,2,"March 9, 2020",Recruitment Status
NCT04290780,2,"March 9, 2020", Study Status
NCT04290780,2,"March 9, 2020", Contacts/Locations
NCT04290780,2,"March 9, 2020",Oversight
NCT04290780,3,"March 11, 2020",Contacts/Locations
NCT04290780,3,"March 11, 2020",Study Status
NCT04290780,4,"March 11, 2020",Study Status
NCT04290780,5,"April 9, 2020",Study Status
NCT04290780,5,"April 9, 2020",Study Identification
NCT04306497,1,"March 10, 2020",None (earliest Version on record)
NCT04306497,2,"March 14, 2020",Recruitment Status
NCT04306497,2,"March 14, 2020", Study Status
NCT04306497,2,"March 14, 2020",Contacts/Locations
NCT04292964,1,"March 1, 2020",None (earliest Version on record)
NCT04292964,2,"March 3, 2020",Sponsor/Collaborators
NCT04292964,2,"March 3, 2020",Study Status
NCT04292964,3,"March 11, 2020",Eligibility
NCT04292964,3,"March 11, 2020", Conditions
NCT04292964,3,"March 11, 2020",Study Status
NCT04292964,4,"March 13, 2020",Recruitment Status
NCT04292964,4,"March 13, 2020", Study Status
NCT04292964,4,"March 13, 2020", Contacts/Locations
NCT04292964,4,"March 13, 2020", Study Design
NCT04292964,4,"March 13, 2020",Oversight
NCT04312464,1,"March 13, 2020",None (earliest Version on record)
NCT04302688,1,"March 7, 2020",None (earliest Version on record)
NCT04306705,1,"March 12, 2020",None (earliest Version on record)
NCT04306705,2,"March 16, 2020",Contacts/Locations
NCT04306705,2,"March 16, 2020",Study Status
NCT04307459,1,"March 10, 2020",None (earliest Version on record)
NCT04307459,2,"March 14, 2020",Outcome Measures
NCT04307459,2,"March 14, 2020", Study Description
NCT04307459,2,"March 14, 2020", Study Identification
NCT04307459,2,"March 14, 2020", Eligibility
NCT04307459,2,"March 14, 2020", Groups
NCT04307459,2,"March 14, 2020",Interventions
NCT04307459,2,"March 14, 2020",Study Status
NCT04307459,3,"April 30, 2020",Recruitment Status
NCT04307459,3,"April 30, 2020", Study Status
NCT04307459,3,"April 30, 2020", Contacts/Locations
NCT04307459,3,"April 30, 2020", Oversight
NCT04307459,3,"April 30, 2020",Study Identification
NCT04307459,4,"May 12, 2020",Study Status
NCT04307459,4,"May 12, 2020",Study Identification
NCT04316884,1,"March 18, 2020",None (earliest Version on record)
NCT04312100,1,"March 14, 2020",None (earliest Version on record)
NCT04319315,1,"March 20, 2020",None (earliest Version on record)
NCT04319315,2,"April 3, 2020",Study Status
NCT04319315,2,"April 3, 2020",Study Description
NCT04316299,1,"March 19, 2020",None (earliest Version on record)
NCT04316299,2,"March 22, 2020",Study Status
NCT04316299,3,"March 26, 2020",Oversight
NCT04316299,3,"March 26, 2020",Study Status
NCT04314817,1,"March 17, 2020",None (earliest Version on record)
NCT04314817,2,"March 18, 2020",Outcome Measures
NCT04314817,2,"March 18, 2020", Sponsor/Collaborators
NCT04314817,2,"March 18, 2020",Study Status
NCT04313946,1,"March 17, 2020",None (earliest Version on record)
NCT04313946,2,"March 18, 2020",Outcome Measures
NCT04313946,2,"March 18, 2020", Sponsor/Collaborators
NCT04313946,2,"March 18, 2020",Study Status
NCT04313946,3,"April 1, 2020",Contacts/Locations
NCT04313946,3,"April 1, 2020", IPDSharing
NCT04313946,3,"April 1, 2020",Study Status
NCT04313946,4,"April 23, 2020",Sponsor/Collaborators
NCT04313946,4,"April 23, 2020",Study Status
NCT04347369,1,"April 12, 2020",None (earliest Version on record)
NCT04321265,1,"March 23, 2020",None (earliest Version on record)
NCT04321265,2,"March 25, 2020",Outcome Measures
NCT04321265,2,"March 25, 2020",Study Status
NCT04321265,3,"April 7, 2020",Study Status
NCT04321265,3,"April 7, 2020",Contacts/Locations
NCT04318366,1,"March 23, 2020",None (earliest Version on record)
NCT04318366,2,"March 30, 2020",Contacts/Locations
NCT04318366,2,"March 30, 2020",Study Status
NCT04316949,1,"March 19, 2020",None (earliest Version on record)
NCT04316949,2,"March 23, 2020",Outcome Measures
NCT04316949,2,"March 23, 2020",Study Status
NCT04316949,3,"March 24, 2020",Recruitment Status
NCT04316949,3,"March 24, 2020", Study Status
NCT04316949,3,"March 24, 2020",Contacts/Locations
NCT04316949,4,"March 25, 2020",Oversight
NCT04316949,4,"March 25, 2020",Study Status
NCT04316949,5,"April 5, 2020",Study Status
NCT04316949,5,"April 5, 2020",Outcome Measures
NCT04317365,1,"March 19, 2020",None (earliest Version on record)
NCT04317365,2,"March 31, 2020",Study Design
NCT04317365,2,"March 31, 2020",Study Status
NCT04317365,3,"May 21, 2020",Recruitment Status
NCT04317365,3,"May 21, 2020", Study Status
NCT04317365,3,"May 21, 2020", Contacts/Locations
NCT04317365,3,"May 21, 2020",Study Design
NCT04320017,1,"March 23, 2020",None (earliest Version on record)
NCT04320017,2,"April 20, 2020",Outcome Measures
NCT04320017,2,"April 20, 2020", Groups
NCT04320017,2,"April 20, 2020",Interventions
NCT04320017,2,"April 20, 2020", Study Status
NCT04320017,2,"April 20, 2020", Study Identification
NCT04320017,2,"April 20, 2020", Eligibility
NCT04320017,2,"April 20, 2020",Study Description
NCT04318301,1,"March 20, 2020",None (earliest Version on record)
NCT04318301,2,"March 21, 2020",Recruitment Status
NCT04318301,2,"March 21, 2020", Study Status
NCT04318301,2,"March 21, 2020", Contacts/Locations
NCT04318301,2,"March 21, 2020", Study Design
NCT04318301,2,"March 21, 2020",Oversight
NCT04318301,3,"April 6, 2020",Study Status
NCT04318301,3,"April 6, 2020",Study Identification
NCT04318301,4,"April 28, 2020",Recruitment Status
NCT04318301,4,"April 28, 2020",Study Status
NCT04322487,1,"March 24, 2020",None (earliest Version on record)
NCT04322487,2,"March 25, 2020",Sponsor/Collaborators
NCT04322487,2,"March 25, 2020",Study Status
NCT04322487,3,"April 15, 2020",Recruitment Status
NCT04322487,3,"April 15, 2020", Study Status
NCT04322487,3,"April 15, 2020",Contacts/Locations
NCT04321369,1,"March 23, 2020",None (earliest Version on record)
NCT04321369,2,"April 9, 2020",Study Status
NCT04321369,2,"April 9, 2020",Study Identification
NCT04320732,1,"March 23, 2020",None (earliest Version on record)
NCT04320732,2,"March 25, 2020",Study Description
NCT04320732,2,"March 25, 2020", Sponsor/Collaborators
NCT04320732,2,"March 25, 2020",Study Status
NCT04320732,3,"March 27, 2020",Recruitment Status
NCT04320732,3,"March 27, 2020", Study Status
NCT04320732,3,"March 27, 2020",Contacts/Locations
NCT04322513,1,"March 23, 2020",None (earliest Version on record)
NCT04322513,2,"March 25, 2020",Outcome Measures
NCT04322513,2,"March 25, 2020", Sponsor/Collaborators
NCT04322513,2,"March 25, 2020", Study Status
NCT04322513,2,"March 25, 2020",Study Identification
NCT04322513,3,"April 9, 2020",Study Status
NCT04322513,3,"April 9, 2020",Study Identification
NCT04322513,4,"May 4, 2020",Outcome Measures
NCT04322513,4,"May 4, 2020",Study Status
NCT04320511,1,"March 23, 2020",None (earliest Version on record)
NCT04320511,2,"March 30, 2020",Recruitment Status
NCT04320511,2,"March 30, 2020", Study Status
NCT04320511,2,"March 30, 2020",Contacts/Locations
NCT04320511,3,"May 5, 2020",Study Status
NCT04320511,4,"May 21, 2020",Recruitment Status
NCT04320511,4,"May 21, 2020", Study Status
NCT04320511,4,"May 21, 2020",Contacts/Locations
NCT04325919,1,"March 26, 2020",None (earliest Version on record)
NCT04323787,1,"March 25, 2020",None (earliest Version on record)
NCT04323787,2,"March 30, 2020",Study Status
NCT04323787,2,"March 30, 2020", References
NCT04323787,2,"March 30, 2020",Contacts/Locations
NCT04323787,3,"April 1, 2020",Study Status
NCT04323787,3,"April 1, 2020",Contacts/Locations
NCT04323787,4,"April 10, 2020",Study Status
NCT04323787,4,"April 10, 2020",Study Identification
NCT04322188,1,"March 25, 2020",None (earliest Version on record)
NCT04322188,2,"March 26, 2020",Sponsor/Collaborators
NCT04322188,2,"March 26, 2020",Study Status
NCT04322188,3,"March 28, 2020",Study Description
NCT04322188,3,"March 28, 2020",Study Status
NCT04322188,4,"May 28, 2020",Recruitment Status
NCT04322188,4,"May 28, 2020", Study Status
NCT04322188,4,"May 28, 2020", Outcome Measures
NCT04322188,4,"May 28, 2020", Contacts/Locations
NCT04322188,4,"May 28, 2020", Groups
NCT04322188,4,"May 28, 2020",Interventions
NCT04322188,4,"May 28, 2020", Study Design
NCT04322188,4,"May 28, 2020", Study Identification
NCT04322188,4,"May 28, 2020", Eligibility
NCT04322188,4,"May 28, 2020",Study Description
NCT04322279,1,"March 24, 2020",None (earliest Version on record)
NCT04322279,2,"May 20, 2020",Contacts/Locations
NCT04322279,2,"May 20, 2020", Outcome Measures
NCT04322279,2,"May 20, 2020", Study Status
NCT04322279,2,"May 20, 2020", Study Description
NCT04322279,2,"May 20, 2020",Study Identification
NCT04327180,1,"March 27, 2020",None (earliest Version on record)
NCT04327180,2,"April 1, 2020",Recruitment Status
NCT04327180,2,"April 1, 2020", Study Status
NCT04327180,2,"April 1, 2020",Contacts/Locations
NCT04327180,3,"April 2, 2020",Oversight
NCT04327180,3,"April 2, 2020",Study Status
NCT04324736,1,"March 25, 2020",None (earliest Version on record)
NCT04324736,2,"March 27, 2020",Outcome Measures
NCT04324736,2,"March 27, 2020", Eligibility
NCT04324736,2,"March 27, 2020", Study Description
NCT04324736,2,"March 27, 2020",Study Status
NCT04324736,3,"April 3, 2020",Recruitment Status
NCT04324736,3,"April 3, 2020", Study Status
NCT04324736,3,"April 3, 2020",Contacts/Locations
NCT04324736,4,"April 7, 2020",Study Status
NCT04324736,4,"April 7, 2020",Study Design
NCT04324736,5,"April 10, 2020",Study Identification
NCT04324736,5,"April 10, 2020",Study Status
NCT04324047,1,"March 25, 2020",None (earliest Version on record)
NCT04324047,2,"March 31, 2020",Recruitment Status
NCT04324047,2,"March 31, 2020", Study Status
NCT04324047,2,"March 31, 2020",Contacts/Locations
NCT04323644,1,"March 25, 2020",None (earliest Version on record)
NCT04323644,2,"May 11, 2020",Recruitment Status
NCT04323644,2,"May 11, 2020", Study Status
NCT04323644,2,"May 11, 2020",Contacts/Locations
NCT04324684,1,"March 25, 2020",None (earliest Version on record)
NCT04324684,2,"March 31, 2020",Recruitment Status
NCT04324684,2,"March 31, 2020", Study Status
NCT04324684,2,"March 31, 2020", Outcome Measures
NCT04324684,2,"March 31, 2020", Study Description
NCT04324684,2,"March 31, 2020", References
NCT04324684,2,"March 31, 2020", Contacts/Locations
NCT04324684,2,"March 31, 2020", Eligibility
NCT04324684,2,"March 31, 2020",Oversight
NCT04324684,3,"April 4, 2020",Study Status
NCT04324684,3,"April 4, 2020",Contacts/Locations
NCT04324684,4,"April 7, 2020",Study Status
NCT04324684,5,"April 9, 2020",Study Status
NCT04324684,6,"May 7, 2020",Recruitment Status
NCT04324684,6,"May 7, 2020", Study Status
NCT04324684,6,"May 7, 2020", Contacts/Locations
NCT04324684,6,"May 7, 2020",Study Design
NCT04324684,7,"May 13, 2020",Study Description
NCT04324684,7,"May 13, 2020",Study Status
NCT04332913,1,"April 2, 2020",None (earliest Version on record)
NCT04332913,2,"April 2, 2020",Outcome Measures
NCT04332913,2,"April 2, 2020", Study Description
NCT04332913,2,"April 2, 2020",Study Status
NCT04332913,3,"April 9, 2020",Recruitment Status
NCT04332913,3,"April 9, 2020", Study Status
NCT04332913,3,"April 9, 2020", Contacts/Locations
NCT04332913,3,"April 9, 2020",Oversight
NCT04327804,1,"March 26, 2020",None (earliest Version on record)
NCT04327804,2,"April 10, 2020",Study Status
NCT04327804,2,"April 10, 2020", Study Identification
NCT04327804,2,"April 10, 2020",Study Description
NCT04326725,1,"March 27, 2020",None (earliest Version on record)
NCT04326725,2,"April 9, 2020",Study Status
NCT04326725,2,"April 9, 2020", Eligibility
NCT04326725,2,"April 9, 2020", Conditions
NCT04326725,2,"April 9, 2020",Study Identification
NCT04326387,1,"March 27, 2020",None (earliest Version on record)
NCT04326387,2,"April 9, 2020",Recruitment Status
NCT04326387,2,"April 9, 2020", Study Status
NCT04326387,2,"April 9, 2020", Contacts/Locations
NCT04326387,2,"April 9, 2020", Oversight
NCT04326387,2,"April 9, 2020",Study Identification
NCT04326387,3,"May 15, 2020",Contacts/Locations
NCT04326387,3,"May 15, 2020",Study Status
NCT04325646,1,"March 26, 2020",None (earliest Version on record)
NCT04325646,2,"March 27, 2020",Study Design
NCT04325646,2,"March 27, 2020", Eligibility
NCT04325646,2,"March 27, 2020", Study Description
NCT04325646,2,"March 27, 2020", Groups
NCT04325646,2,"March 27, 2020",Interventions
NCT04325646,2,"March 27, 2020",Study Status
NCT04325646,3,"April 27, 2020",Groups
NCT04325646,3,"April 27, 2020",Interventions
NCT04325646,3,"April 27, 2020", Contacts/Locations
NCT04325646,3,"April 27, 2020", Eligibility
NCT04325646,3,"April 27, 2020", Study Status
NCT04325646,3,"April 27, 2020",Study Identification
NCT04331106,1,"March 30, 2020",None (earliest Version on record)
NCT04331106,2,"April 3, 2020",Outcome Measures
NCT04331106,2,"April 3, 2020", Conditions
NCT04331106,2,"April 3, 2020", Study Status
NCT04331106,2,"April 3, 2020", Eligibility
NCT04331106,2,"April 3, 2020",Study Design
NCT04331106,3,"April 9, 2020",Outcome Measures
NCT04331106,3,"April 9, 2020", Study Description
NCT04331106,3,"April 9, 2020", Study Identification
NCT04331106,3,"April 9, 2020", Study Design
NCT04331106,3,"April 9, 2020", Conditions
NCT04331106,3,"April 9, 2020",Study Status
NCT04328454,1,"March 30, 2020",None (earliest Version on record)
NCT04327531,1,"March 27, 2020",None (earliest Version on record)
NCT04327531,2,"March 31, 2020",Outcome Measures
NCT04327531,2,"March 31, 2020",Study Status
NCT04327531,3,"May 7, 2020",Recruitment Status
NCT04327531,3,"May 7, 2020",Study Status
NCT04327531,4,"May 18, 2020",Recruitment Status
NCT04327531,4,"May 18, 2020", Study Status
NCT04327531,4,"May 18, 2020",Oversight
NCT04329546,1,"March 29, 2020",None (earliest Version on record)
NCT04329546,2,"April 9, 2020",Study Status
NCT04329546,2,"April 9, 2020",Study Identification
NCT04336384,1,"April 2, 2020",None (earliest Version on record)
NCT04336384,2,"April 10, 2020",Outcome Measures
NCT04336384,2,"April 10, 2020", Contacts/Locations
NCT04336384,2,"April 10, 2020", Sponsor/Collaborators
NCT04336384,2,"April 10, 2020",Study Status
NCT04332016,1,"April 1, 2020",None (earliest Version on record)
NCT04332016,2,"April 2, 2020",Recruitment Status
NCT04332016,2,"April 2, 2020", Study Status
NCT04332016,2,"April 2, 2020",Contacts/Locations
NCT04330261,1,"March 30, 2020",None (earliest Version on record)
NCT04335188,1,"April 3, 2020",None (earliest Version on record)
NCT04335188,2,"April 4, 2020",Oversight
NCT04335188,2,"April 4, 2020",Study Status
NCT04335188,3,"April 7, 2020",Recruitment Status
NCT04335188,3,"April 7, 2020", Contacts/Locations
NCT04335188,3,"April 7, 2020",Study Status
NCT04331509,1,"March 31, 2020",None (earliest Version on record)
NCT04331509,2,"April 2, 2020",Outcome Measures
NCT04331509,2,"April 2, 2020",Study Status
NCT04331509,3,"April 3, 2020",Outcome Measures
NCT04331509,3,"April 3, 2020",Study Status
NCT04340219,1,"April 7, 2020",None (earliest Version on record)
NCT04340219,2,"May 8, 2020",Recruitment Status
NCT04340219,2,"May 8, 2020", Study Status
NCT04340219,2,"May 8, 2020", Contacts/Locations
NCT04340219,2,"May 8, 2020",Study Design
NCT04331886,1,"April 1, 2020",None (earliest Version on record)
NCT04331886,2,"April 7, 2020",Eligibility
NCT04331886,2,"April 7, 2020",Study Status
NCT04331886,3,"April 16, 2020",Contacts/Locations
NCT04331886,3,"April 16, 2020",Study Status
NCT04331886,4,"May 5, 2020",Recruitment Status
NCT04331886,4,"May 5, 2020", Study Status
NCT04331886,4,"May 5, 2020",Contacts/Locations
NCT04331886,5,"May 13, 2020",Contacts/Locations
NCT04331886,5,"May 13, 2020",Study Status
NCT04333862,1,"April 1, 2020",None (earliest Version on record)
NCT04333849,1,"April 1, 2020",None (earliest Version on record)
NCT04333849,2,"April 6, 2020",Outcome Measures
NCT04333849,2,"April 6, 2020", Study Identification
NCT04333849,2,"April 6, 2020", Conditions
NCT04333849,2,"April 6, 2020",Study Status
NCT04336215,1,"April 3, 2020",None (earliest Version on record)
NCT04336215,2,"April 14, 2020",Study Status
NCT04335630,1,"April 2, 2020",None (earliest Version on record)
NCT04335630,2,"April 3, 2020",References
NCT04335630,2,"April 3, 2020", Study Design
NCT04335630,2,"April 3, 2020", Conditions
NCT04335630,2,"April 3, 2020", Study Description
NCT04335630,2,"April 3, 2020",Study Status
NCT04334252,1,"April 3, 2020",None (earliest Version on record)
NCT04334252,2,"April 7, 2020",Outcome Measures
NCT04334252,2,"April 7, 2020", Eligibility
NCT04334252,2,"April 7, 2020", Study Description
NCT04334252,2,"April 7, 2020", Study Identification
NCT04334252,2,"April 7, 2020", Oversight
NCT04334252,2,"April 7, 2020",Study Status
NCT04334252,3,"April 16, 2020",Contacts/Locations
NCT04334252,3,"April 16, 2020", Study Description
NCT04334252,3,"April 16, 2020",Study Status
NCT04334252,4,"May 16, 2020",Recruitment Status
NCT04334252,4,"May 16, 2020", Study Status
NCT04334252,4,"May 16, 2020", Contacts/Locations
NCT04334252,4,"May 16, 2020",Oversight
NCT04337190,1,"April 4, 2020",None (earliest Version on record)
NCT04337190,2,"April 8, 2020",Study Description
NCT04337190,2,"April 8, 2020", Study Identification
NCT04337190,2,"April 8, 2020",Study Status
NCT04337151,1,"April 3, 2020",None (earliest Version on record)
NCT04336657,1,"April 3, 2020",None (earliest Version on record)
NCT04337047,1,"April 3, 2020",None (earliest Version on record)
NCT04337047,2,"May 3, 2020",Recruitment Status
NCT04337047,2,"May 3, 2020", Study Status
NCT04337047,2,"May 3, 2020",Study Identification
NCT04335747,1,"April 3, 2020",None (earliest Version on record)
NCT04335747,2,"April 5, 2020",Study Description
NCT04335747,2,"April 5, 2020",Study Status
NCT04335747,3,"May 28, 2020",Recruitment Status
NCT04335747,3,"May 28, 2020", Study Status
NCT04335747,3,"May 28, 2020", Contacts/Locations
NCT04335747,3,"May 28, 2020",Oversight
NCT04334954,1,"April 3, 2020",None (earliest Version on record)
NCT04334954,2,"April 4, 2020",Study Status
NCT04334954,3,"April 7, 2020",Study Status
NCT04334954,3,"April 7, 2020",Study Description
NCT04334954,4,"April 8, 2020",Contacts/Locations
NCT04334954,4,"April 8, 2020", Study Status
NCT04334954,4,"April 8, 2020",Eligibility
NCT04334954,5,"April 9, 2020",Study Status
NCT04334954,6,"April 10, 2020",Contacts/Locations
NCT04334954,6,"April 10, 2020",Study Status
NCT04334954,7,"April 11, 2020",Study Status
NCT04334954,8,"April 14, 2020",Study Status
NCT04334954,9,"April 15, 2020",Study Status
NCT04334954,10,"April 16, 2020",Study Status
NCT04334954,11,"April 17, 2020",Study Status
NCT04334954,12,"April 18, 2020",Study Status
NCT04334954,13,"April 21, 2020",Study Status
NCT04334954,13,"April 21, 2020", Study Design
NCT04334954,13,"April 21, 2020",Study Description
NCT04334954,14,"April 23, 2020",Study Status
NCT04334954,15,"April 24, 2020",Study Status
NCT04334954,16,"April 25, 2020",Study Status
NCT04334954,17,"April 28, 2020",Study Status
NCT04334954,18,"April 29, 2020",Study Status
NCT04334954,19,"April 30, 2020",Study Status
NCT04334954,20,"May 1, 2020",Study Status
NCT04334954,21,"May 2, 2020",Study Status
NCT04334954,21,"May 2, 2020",Contacts/Locations
NCT04334954,22,"May 5, 2020",Study Status
NCT04334954,23,"May 6, 2020",Study Status
NCT04334954,23,"May 6, 2020",Contacts/Locations
NCT04334954,24,"May 7, 2020",Study Status
NCT04334954,24,"May 7, 2020",Contacts/Locations
NCT04334954,25,"May 8, 2020",Study Status
NCT04334954,25,"May 8, 2020",Contacts/Locations
NCT04334954,26,"May 9, 2020",Study Status
NCT04334954,27,"May 12, 2020",Study Status
NCT04334954,28,"May 13, 2020",Study Status
NCT04334954,29,"May 14, 2020",Study Status
NCT04334954,30,"May 15, 2020",Study Status
NCT04334954,31,"May 16, 2020",Study Status
NCT04334954,32,"May 19, 2020",Study Status
NCT04334954,33,"May 21, 2020",Study Status
NCT04334954,34,"May 22, 2020",Study Status
NCT04334954,35,"May 26, 2020",Study Status
NCT04334954,36,"May 27, 2020",Study Status
NCT04334954,37,"May 28, 2020",Study Status
NCT04334954,38,"May 29, 2020",Study Status
NCT04335162,1,"April 3, 2020",None (earliest Version on record)
NCT04335162,2,"April 28, 2020",Contacts/Locations
NCT04335162,2,"April 28, 2020", Study Description
NCT04335162,2,"April 28, 2020",Study Status
NCT04335162,3,"May 12, 2020",Study Status
NCT04335162,3,"May 12, 2020",Study Identification
NCT04340921,1,"April 7, 2020",None (earliest Version on record)
NCT04340921,2,"May 15, 2020",Recruitment Status
NCT04340921,2,"May 15, 2020", Study Status
NCT04340921,2,"May 15, 2020", Groups
NCT04340921,2,"May 15, 2020",Interventions
NCT04340921,2,"May 15, 2020", Eligibility
NCT04340921,2,"May 15, 2020", Contacts/Locations
NCT04340921,2,"May 15, 2020", Study Description
NCT04340921,2,"May 15, 2020",Oversight
NCT04336761,1,"April 3, 2020",None (earliest Version on record)
NCT04336761,2,"May 19, 2020",Recruitment Status
NCT04336761,2,"May 19, 2020", Study Status
NCT04336761,2,"May 19, 2020", Contacts/Locations
NCT04336761,2,"May 19, 2020",Oversight
NCT04338672,1,"April 7, 2020",None (earliest Version on record)
NCT04338672,2,"April 19, 2020",Recruitment Status
NCT04338672,2,"April 19, 2020", Study Status
NCT04338672,2,"April 19, 2020", Contacts/Locations
NCT04338672,2,"April 19, 2020", Study Design
NCT04338672,2,"April 19, 2020", Conditions
NCT04338672,2,"April 19, 2020",Oversight
NCT04342702,1,"April 9, 2020",None (earliest Version on record)
NCT04342702,2,"April 30, 2020",Outcome Measures
NCT04342702,2,"April 30, 2020",Study Status
NCT04342702,3,"May 3, 2020",Outcome Measures
NCT04342702,3,"May 3, 2020",Study Status
NCT04337424,1,"April 5, 2020",None (earliest Version on record)
NCT04337424,2,"April 28, 2020",Recruitment Status
NCT04337424,2,"April 28, 2020", Study Status
NCT04337424,2,"April 28, 2020", Contacts/Locations
NCT04337424,2,"April 28, 2020",Oversight
NCT04346602,1,"April 12, 2020",None (earliest Version on record)
NCT04339387,1,"April 6, 2020",None (earliest Version on record)
NCT04337762,1,"April 7, 2020",None (earliest Version on record)
NCT04337762,2,"April 8, 2020",References
NCT04337762,2,"April 8, 2020",Study Status
NCT04337502,1,"April 6, 2020",None (earliest Version on record)
NCT04366765,1,"April 27, 2020",None (earliest Version on record)
NCT04366765,2,"April 30, 2020",Contacts/Locations
NCT04366765,2,"April 30, 2020", Conditions
NCT04366765,2,"April 30, 2020",Study Status
NCT04339998,1,"April 6, 2020",None (earliest Version on record)
NCT04339998,2,"May 11, 2020",Recruitment Status
NCT04339998,2,"May 11, 2020", Study Status
NCT04339998,2,"May 11, 2020",Contacts/Locations
NCT04339634,1,"April 8, 2020",None (earliest Version on record)
NCT04339634,2,"April 11, 2020",Contacts/Locations
NCT04339634,2,"April 11, 2020",Study Status
NCT04339608,1,"April 7, 2020",None (earliest Version on record)
NCT04347408,1,"April 11, 2020",None (earliest Version on record)
NCT04347408,2,"April 14, 2020",Study Description
NCT04347408,2,"April 14, 2020", Sponsor/Collaborators
NCT04347408,2,"April 14, 2020",Study Status
NCT04347408,3,"May 7, 2020",Groups
NCT04347408,3,"May 7, 2020",Interventions
NCT04347408,3,"May 7, 2020", Study Status
NCT04347408,3,"May 7, 2020", Eligibility
NCT04347408,3,"May 7, 2020", Study Identification
NCT04347408,3,"May 7, 2020", Study Design
NCT04347408,3,"May 7, 2020", Conditions
NCT04347408,3,"May 7, 2020", Study Description
NCT04347408,3,"May 7, 2020", Contacts/Locations
NCT04347408,3,"May 7, 2020",Outcome Measures
NCT04347408,4,"May 22, 2020",Recruitment Status
NCT04347408,4,"May 22, 2020", Study Status
NCT04347408,4,"May 22, 2020", Contacts/Locations
NCT04347408,4,"May 22, 2020",Oversight
NCT04343742,1,"April 9, 2020",None (earliest Version on record)
NCT04343742,2,"May 22, 2020",Study Status
NCT04343742,2,"May 22, 2020",Contacts/Locations
NCT04338932,1,"April 7, 2020",None (earliest Version on record)
NCT04338932,2,"April 23, 2020",Outcome Measures
NCT04338932,2,"April 23, 2020", Study Description
NCT04338932,2,"April 23, 2020",Study Status
NCT04338932,3,"May 16, 2020",Recruitment Status
NCT04338932,3,"May 16, 2020", Study Status
NCT04338932,3,"May 16, 2020", Contacts/Locations
NCT04338932,3,"May 16, 2020", Study Design
NCT04338932,3,"May 16, 2020",Oversight
NCT04342637,1,"April 8, 2020",None (earliest Version on record)
NCT04342637,2,"April 19, 2020",Recruitment Status
NCT04342637,2,"April 19, 2020", Contacts/Locations
NCT04342637,2,"April 19, 2020",Study Status
NCT04342637,3,"May 17, 2020",Study Status
NCT04342637,4,"May 19, 2020",Recruitment Status
NCT04342637,4,"May 19, 2020", Study Status
NCT04342637,4,"May 19, 2020", Contacts/Locations
NCT04342637,4,"May 19, 2020",Study Design
NCT04338945,1,"April 7, 2020",None (earliest Version on record)
NCT04338945,2,"April 8, 2020",Study Identification
NCT04338945,2,"April 8, 2020", Contacts/Locations
NCT04338945,2,"April 8, 2020", Study Description
NCT04338945,2,"April 8, 2020",Study Status
NCT04338945,3,"May 19, 2020",Recruitment Status
NCT04338945,3,"May 19, 2020", Study Status
NCT04338945,3,"May 19, 2020",Study Design
NCT04347460,1,"April 11, 2020",None (earliest Version on record)
NCT04343404,1,"April 8, 2020",None (earliest Version on record)
NCT04343339,1,"April 8, 2020",None (earliest Version on record)
NCT04343339,2,"April 13, 2020",Outcome Measures
NCT04343339,2,"April 13, 2020", Study Identification
NCT04343339,2,"April 13, 2020", Conditions
NCT04343339,2,"April 13, 2020", Study Description
NCT04343339,2,"April 13, 2020",Study Status
NCT04342195,1,"April 8, 2020",None (earliest Version on record)
NCT04342195,2,"April 10, 2020",Recruitment Status
NCT04342195,2,"April 10, 2020", Study Status
NCT04342195,2,"April 10, 2020",Contacts/Locations
NCT04342104,1,"April 8, 2020",None (earliest Version on record)
NCT04342104,2,"April 9, 2020",Groups
NCT04342104,2,"April 9, 2020",Interventions
NCT04342104,2,"April 9, 2020", Contacts/Locations
NCT04342104,2,"April 9, 2020", Study Design
NCT04342104,2,"April 9, 2020",Study Status
NCT04341714,1,"April 8, 2020",None (earliest Version on record)
NCT04341714,2,"May 25, 2020",Outcome Measures
NCT04341714,2,"May 25, 2020", Study Status
NCT04341714,2,"May 25, 2020",Study Design
NCT04339790,1,"April 8, 2020",None (earliest Version on record)
NCT04339790,2,"April 9, 2020",Study Status
NCT04339790,3,"April 10, 2020",Study Status
NCT04339790,4,"April 11, 2020",Study Status
NCT04339790,4,"April 11, 2020",Study Description
NCT04339790,5,"April 14, 2020",Study Status
NCT04339790,6,"April 18, 2020",Contacts/Locations
NCT04339790,6,"April 18, 2020", Study Status
NCT04339790,6,"April 18, 2020",Study Description
NCT04339790,7,"April 21, 2020",Study Status
NCT04339790,7,"April 21, 2020",Contacts/Locations
NCT04339790,8,"April 23, 2020",Study Status
NCT04339790,9,"April 24, 2020",Study Status
NCT04339790,10,"April 25, 2020",Study Status
NCT04339790,11,"April 28, 2020",Study Status
NCT04339790,12,"April 29, 2020",Study Status
NCT04339790,13,"April 30, 2020",Study Status
NCT04339790,14,"May 1, 2020",Study Status
NCT04339790,15,"May 2, 2020",Study Status
NCT04339790,16,"May 5, 2020",Study Status
NCT04339790,17,"May 6, 2020",Study Status
NCT04339790,18,"May 7, 2020",Study Status
NCT04339790,19,"May 8, 2020",Study Status
NCT04339790,20,"May 9, 2020",Study Status
NCT04339790,21,"May 12, 2020",Study Status
NCT04339790,22,"May 13, 2020",Study Status
NCT04339790,23,"May 14, 2020",Study Status
NCT04339790,24,"May 15, 2020",Study Status
NCT04339790,25,"May 16, 2020",Study Status
NCT04339790,26,"May 19, 2020",Study Status
NCT04339790,26,"May 19, 2020", Study Design
NCT04339790,26,"May 19, 2020",Study Description
NCT04339790,27,"May 21, 2020",Study Status
NCT04339790,28,"May 22, 2020",Study Status
NCT04339790,29,"May 26, 2020",Study Status
NCT04339790,30,"May 27, 2020",Study Status
NCT04339790,31,"May 28, 2020",Study Status
NCT04339790,32,"May 29, 2020",Study Status
NCT04342884,1,"April 8, 2020",None (earliest Version on record)
NCT04342884,2,"April 27, 2020",Recruitment Status
NCT04342884,2,"April 27, 2020", Study Status
NCT04342884,2,"April 27, 2020",Contacts/Locations
NCT04339686,1,"April 8, 2020",None (earliest Version on record)
NCT04339686,2,"April 9, 2020",Study Identification
NCT04339686,2,"April 9, 2020",Study Status
NCT04339686,3,"April 27, 2020",Recruitment Status
NCT04339686,3,"April 27, 2020", Study Status
NCT04339686,3,"April 27, 2020",Contacts/Locations
NCT04352634,1,"April 16, 2020",None (earliest Version on record)
NCT04352634,2,"May 4, 2020",Recruitment Status
NCT04352634,2,"May 4, 2020", Study Status
NCT04352634,2,"May 4, 2020", Contacts/Locations
NCT04352634,2,"May 4, 2020",Oversight
NCT04352634,3,"May 8, 2020",Contacts/Locations
NCT04352634,3,"May 8, 2020",Study Status
NCT04352634,4,"May 21, 2020",Contacts/Locations
NCT04352634,4,"May 21, 2020",Study Status
NCT04347928,1,"April 14, 2020",None (earliest Version on record)
NCT04347928,2,"May 19, 2020",Recruitment Status
NCT04347928,2,"May 19, 2020", Study Status
NCT04347928,2,"May 19, 2020", Contacts/Locations
NCT04347928,2,"May 19, 2020",Oversight
NCT04350710,1,"April 14, 2020",None (earliest Version on record)
NCT04347850,1,"April 13, 2020",None (earliest Version on record)
NCT04347850,2,"April 15, 2020",Conditions
NCT04347850,2,"April 15, 2020", Study Status
NCT04347850,2,"April 15, 2020",Study Identification
NCT04346342,1,"April 14, 2020",None (earliest Version on record)
NCT04344197,1,"April 9, 2020",None (earliest Version on record)
NCT04344145,1,"April 9, 2020",None (earliest Version on record)
NCT04344145,2,"April 16, 2020",Recruitment Status
NCT04344145,2,"April 16, 2020", Study Status
NCT04344145,2,"April 16, 2020", Contacts/Locations
NCT04344145,2,"April 16, 2020", Outcome Measures
NCT04344145,2,"April 16, 2020",Oversight
NCT04344145,3,"May 28, 2020",Study Status
NCT04344145,3,"May 28, 2020", Contacts/Locations
NCT04344145,3,"May 28, 2020",Study Description
NCT04343781,1,"April 9, 2020",None (earliest Version on record)
NCT04343781,2,"April 11, 2020",Conditions
NCT04343781,2,"April 11, 2020",Study Status
NCT04357847,1,"April 17, 2020",None (earliest Version on record)
NCT04352556,1,"April 16, 2020",None (earliest Version on record)
NCT04352556,2,"April 30, 2020",Outcome Measures
NCT04352556,2,"April 30, 2020", Contacts/Locations
NCT04352556,2,"April 30, 2020", Eligibility
NCT04352556,2,"April 30, 2020", Study Description
NCT04352556,2,"April 30, 2020",Study Status
NCT04343898,1,"April 10, 2020",None (earliest Version on record)
NCT04343898,2,"April 13, 2020",Contacts/Locations
NCT04343898,2,"April 13, 2020",Study Status
NCT04343898,3,"April 15, 2020",Contacts/Locations
NCT04343898,3,"April 15, 2020",Study Status
NCT04343898,4,"April 29, 2020",Study Status
NCT04343898,5,"April 29, 2020",Sponsor/Collaborators
NCT04343898,5,"April 29, 2020",Study Status
NCT04343898,6,"May 4, 2020",Study Status
NCT04343898,6,"May 4, 2020",Sponsor/Collaborators
NCT04343898,7,"May 5, 2020",Outcome Measures
NCT04343898,7,"May 5, 2020", Study Design
NCT04343898,7,"May 5, 2020",Study Status
NCT04347824,1,"April 13, 2020",None (earliest Version on record)
NCT04347824,2,"April 26, 2020",Recruitment Status
NCT04347824,2,"April 26, 2020", Contacts/Locations
NCT04347824,2,"April 26, 2020", Study Status
NCT04347824,2,"April 26, 2020",Oversight
NCT04347824,3,"May 8, 2020",Study Status
NCT04347824,3,"May 8, 2020",Groups
NCT04347824,3,"May 8, 2020",Interventions
NCT04344119,1,"April 10, 2020",None (earliest Version on record)
NCT04344119,2,"May 12, 2020",Study Status
NCT04344119,2,"May 12, 2020",Study Identification
NCT04358952,1,"April 20, 2020",None (earliest Version on record)
NCT04344327,1,"April 13, 2020",None (earliest Version on record)
NCT04344327,2,"April 24, 2020",Recruitment Status
NCT04344327,2,"April 24, 2020", Contacts/Locations
NCT04344327,2,"April 24, 2020", Study Status
NCT04344327,2,"April 24, 2020", Study Design
NCT04344327,2,"April 24, 2020", Study Identification
NCT04344327,2,"April 24, 2020",Outcome Measures
NCT04352517,1,"April 15, 2020",None (earliest Version on record)
NCT04352517,2,"April 17, 2020",Outcome Measures
NCT04352517,2,"April 17, 2020", Sponsor/Collaborators
NCT04352517,2,"April 17, 2020",Study Status
NCT04347070,1,"April 10, 2020",None (earliest Version on record)
NCT04347070,2,"April 15, 2020",Outcome Measures
NCT04347070,2,"April 15, 2020", Study Description
NCT04347070,2,"April 15, 2020", Conditions
NCT04347070,2,"April 15, 2020",Study Status
NCT04345640,1,"April 13, 2020",None (earliest Version on record)
NCT04345640,2,"April 14, 2020",Recruitment Status
NCT04345640,2,"April 14, 2020", Contacts/Locations
NCT04345640,2,"April 14, 2020", Study Status
NCT04345640,2,"April 14, 2020", Groups
NCT04345640,2,"April 14, 2020",Interventions
NCT04345640,2,"April 14, 2020",Oversight
NCT04345315,1,"April 10, 2020",None (earliest Version on record)
NCT04345315,2,"April 14, 2020",Study Status
NCT04345315,2,"April 14, 2020",Study Identification
NCT04344171,1,"April 13, 2020",None (earliest Version on record)
NCT04344171,2,"April 18, 2020",Contacts/Locations
NCT04344171,2,"April 18, 2020",Study Status
NCT04381312,1,"May 7, 2020",None (earliest Version on record)
NCT04346212,1,"April 14, 2020",None (earliest Version on record)
NCT04346212,2,"April 20, 2020",Recruitment Status
NCT04346212,2,"April 20, 2020", Study Status
NCT04346212,2,"April 20, 2020", Contacts/Locations
NCT04346212,2,"April 20, 2020", Oversight
NCT04346212,2,"April 20, 2020",Sponsor/Collaborators
NCT04345159,1,"April 10, 2020",None (earliest Version on record)
NCT04345159,2,"April 17, 2020",Groups
NCT04345159,2,"April 17, 2020",Interventions
NCT04345159,2,"April 17, 2020", Study Identification
NCT04345159,2,"April 17, 2020", Oversight
NCT04345159,2,"April 17, 2020",Study Status
NCT04345159,3,"May 12, 2020",Recruitment Status
NCT04345159,3,"May 12, 2020", Study Status
NCT04345159,3,"May 12, 2020", Contacts/Locations
NCT04345159,3,"May 12, 2020",Study Design
NCT04353934,1,"April 16, 2020",None (earliest Version on record)
NCT04347694,1,"April 14, 2020",None (earliest Version on record)
NCT04347694,2,"April 20, 2020",Recruitment Status
NCT04347694,2,"April 20, 2020", Study Status
NCT04347694,2,"April 20, 2020", Study Identification
NCT04347694,2,"April 20, 2020",Contacts/Locations
NCT04354584,1,"April 19, 2020",None (earliest Version on record)
NCT04352582,1,"April 15, 2020",None (earliest Version on record)
NCT04346264,1,"April 13, 2020",None (earliest Version on record)
NCT04346264,2,"April 14, 2020",Conditions
NCT04346264,2,"April 14, 2020",Study Status
NCT04346056,1,"April 14, 2020",None (earliest Version on record)
NCT04346056,2,"April 15, 2020",Sponsor/Collaborators
NCT04346056,2,"April 15, 2020",Study Status
NCT04346056,3,"April 15, 2020",Sponsor/Collaborators
NCT04346056,3,"April 15, 2020",Study Status
NCT04346056,4,"April 17, 2020",Recruitment Status
NCT04346056,4,"April 17, 2020", Study Status
NCT04346056,4,"April 17, 2020", Contacts/Locations
NCT04346056,4,"April 17, 2020",Conditions
NCT04373889,1,"May 4, 2020",None (earliest Version on record)
NCT04344977,1,"April 13, 2020",None (earliest Version on record)
NCT04344977,2,"April 20, 2020",Sponsor/Collaborators
NCT04344977,2,"April 20, 2020", Eligibility
NCT04344977,2,"April 20, 2020", Groups
NCT04344977,2,"April 20, 2020",Interventions
NCT04344977,2,"April 20, 2020", Study Design
NCT04344977,2,"April 20, 2020",Study Status
NCT04344977,3,"April 22, 2020",Recruitment Status
NCT04344977,3,"April 22, 2020", Study Status
NCT04344977,3,"April 22, 2020",Contacts/Locations
NCT04344977,4,"April 23, 2020",Study Description
NCT04344977,4,"April 23, 2020", Study Status
NCT04344977,4,"April 23, 2020",Study Identification
NCT04344977,5,"April 27, 2020",Contacts/Locations
NCT04344977,5,"April 27, 2020",Study Status
NCT04344977,6,"May 6, 2020",Study Description
NCT04344977,6,"May 6, 2020", Study Status
NCT04344977,6,"May 6, 2020",Study Identification
NCT04344977,7,"May 6, 2020",Eligibility
NCT04344977,7,"May 6, 2020",Study Status
NCT04344977,8,"May 22, 2020",Eligibility
NCT04344977,8,"May 22, 2020", Study Description
NCT04344977,8,"May 22, 2020",Study Status
NCT04349163,1,"April 15, 2020",None (earliest Version on record)
NCT04349163,2,"April 15, 2020",Contacts/Locations
NCT04349163,2,"April 15, 2020", Outcome Measures
NCT04349163,2,"April 15, 2020", Study Identification
NCT04349163,2,"April 15, 2020",Study Status
NCT04349163,3,"May 10, 2020",Recruitment Status
NCT04349163,3,"May 10, 2020", Study Status
NCT04349163,3,"May 10, 2020",Contacts/Locations
NCT04356560,1,"April 21, 2020",None (earliest Version on record)
NCT04356560,2,"April 22, 2020",Sponsor/Collaborators
NCT04356560,2,"April 22, 2020",Study Status
NCT04349202,1,"April 13, 2020",None (earliest Version on record)
NCT04349202,2,"April 26, 2020",Study Status
NCT04349540,1,"April 14, 2020",None (earliest Version on record)
NCT04347876,1,"April 14, 2020",None (earliest Version on record)
NCT04352699,1,"April 17, 2020",None (earliest Version on record)
NCT04352699,2,"May 12, 2020",Recruitment Status
NCT04352699,2,"May 12, 2020", Study Status
NCT04352699,2,"May 12, 2020", Contacts/Locations
NCT04352699,2,"May 12, 2020", Study Design
NCT04352699,2,"May 12, 2020",Study Identification
NCT04352699,3,"May 14, 2020",Study Status
NCT04352491,1,"April 16, 2020",None (earliest Version on record)
NCT04352491,2,"April 20, 2020",Recruitment Status
NCT04352491,2,"April 20, 2020", Study Status
NCT04352491,2,"April 20, 2020", Outcome Measures
NCT04352491,2,"April 20, 2020",Contacts/Locations
NCT04352491,3,"May 28, 2020",Study Status
NCT04351399,1,"April 16, 2020",None (earliest Version on record)
NCT04351399,2,"April 17, 2020",Outcome Measures
NCT04351399,2,"April 17, 2020", Groups
NCT04351399,2,"April 17, 2020",Interventions
NCT04351399,2,"April 17, 2020", Conditions
NCT04351399,2,"April 17, 2020", Study Description
NCT04351399,2,"April 17, 2020",Study Status
NCT04351399,3,"May 20, 2020",Recruitment Status
NCT04351399,3,"May 20, 2020", Study Status
NCT04351399,3,"May 20, 2020", Contacts/Locations
NCT04351399,3,"May 20, 2020", Study Design
NCT04351399,3,"May 20, 2020",Oversight
NCT04353401,1,"April 15, 2020",None (earliest Version on record)
NCT04353609,1,"April 17, 2020",None (earliest Version on record)
NCT04353609,2,"April 21, 2020",Recruitment Status
NCT04353609,2,"April 21, 2020", Study Status
NCT04353609,2,"April 21, 2020",Contacts/Locations
NCT04386109,1,"May 12, 2020",None (earliest Version on record)
NCT04351139,1,"April 15, 2020",None (earliest Version on record)
NCT04351139,2,"April 20, 2020",Groups
NCT04351139,2,"April 20, 2020",Interventions
NCT04351139,2,"April 20, 2020", Study Design
NCT04351139,2,"April 20, 2020", Eligibility
NCT04351139,2,"April 20, 2020", Oversight
NCT04351139,2,"April 20, 2020",Study Status
NCT04351139,3,"April 21, 2020",Groups
NCT04351139,3,"April 21, 2020",Interventions
NCT04351139,3,"April 21, 2020",Study Status
NCT04351139,4,"May 11, 2020",Recruitment Status
NCT04351139,4,"May 11, 2020", Study Status
NCT04351139,4,"May 11, 2020",Contacts/Locations
NCT04351503,1,"April 15, 2020",None (earliest Version on record)
NCT04351503,2,"April 22, 2020",Outcome Measures
NCT04351503,2,"April 22, 2020", Study Status
NCT04351503,2,"April 22, 2020",Study Identification
NCT04353011,1,"April 15, 2020",None (earliest Version on record)
NCT04353011,2,"May 6, 2020",Recruitment Status
NCT04353011,2,"May 6, 2020", Study Status
NCT04353011,2,"May 6, 2020", Contacts/Locations
NCT04353011,2,"May 6, 2020",Oversight
NCT04353011,3,"May 20, 2020",Recruitment Status
NCT04353011,3,"May 20, 2020", Study Status
NCT04353011,3,"May 20, 2020", Contacts/Locations
NCT04353011,3,"May 20, 2020",Study Design
NCT04351633,1,"April 15, 2020",None (earliest Version on record)
NCT04351633,2,"April 17, 2020",Outcome Measures
NCT04351633,2,"April 17, 2020", Study Status
NCT04351633,2,"April 17, 2020",Study Identification
NCT04351633,3,"May 6, 2020",Recruitment Status
NCT04351633,3,"May 6, 2020", Study Status
NCT04351633,3,"May 6, 2020", Contacts/Locations
NCT04351633,3,"May 6, 2020",Oversight
NCT04351633,4,"May 20, 2020",Recruitment Status
NCT04351633,4,"May 20, 2020", Study Status
NCT04351633,4,"May 20, 2020", Contacts/Locations
NCT04351633,4,"May 20, 2020",Study Design
NCT04348240,1,"April 15, 2020",None (earliest Version on record)
NCT04348240,2,"April 16, 2020",Study Status
NCT04348240,2,"April 16, 2020", Study Description
NCT04348240,2,"April 16, 2020",Study Identification
NCT04348240,3,"April 17, 2020",Study Status
NCT04348240,3,"April 17, 2020",Contacts/Locations
NCT04348240,4,"April 21, 2020",Contacts/Locations
NCT04348240,4,"April 21, 2020",Study Status
NCT04348240,5,"April 23, 2020",Study Status
NCT04348240,6,"April 24, 2020",Eligibility
NCT04348240,6,"April 24, 2020", Outcome Measures
NCT04348240,6,"April 24, 2020", Groups
NCT04348240,6,"April 24, 2020",Interventions
NCT04348240,6,"April 24, 2020", Study Description
NCT04348240,6,"April 24, 2020", Study Design
NCT04348240,6,"April 24, 2020",Study Status
NCT04348240,7,"April 25, 2020",Study Status
NCT04348240,8,"May 19, 2020",Groups
NCT04348240,8,"May 19, 2020",Interventions
NCT04348240,8,"May 19, 2020", Eligibility
NCT04348240,8,"May 19, 2020",Study Status
NCT04348240,9,"May 20, 2020",Study Status
NCT04348240,9,"May 20, 2020",Eligibility
NCT04366154,1,"April 27, 2020",None (earliest Version on record)
NCT04366154,2,"April 28, 2020",Outcome Measures
NCT04366154,2,"April 28, 2020",Study Status
NCT04351659,1,"April 16, 2020",None (earliest Version on record)
NCT04376905,1,"May 4, 2020",None (earliest Version on record)
NCT04376905,2,"May 5, 2020",Study Status
NCT04376905,2,"May 5, 2020",Study Identification
NCT04373109,1,"April 30, 2020",None (earliest Version on record)
NCT04357769,1,"April 18, 2020",None (earliest Version on record)
NCT04356443,1,"April 19, 2020",None (earliest Version on record)
NCT04353141,1,"April 16, 2020",None (earliest Version on record)
NCT04353141,2,"May 5, 2020",Recruitment Status
NCT04353141,2,"May 5, 2020", Study Status
NCT04353141,2,"May 5, 2020", Contacts/Locations
NCT04353141,2,"May 5, 2020",Oversight
NCT04354792,1,"April 16, 2020",None (earliest Version on record)
NCT04354792,2,"April 20, 2020",Study Description
NCT04354792,2,"April 20, 2020", Study Status
NCT04354792,2,"April 20, 2020",Study Identification
NCT04354792,3,"May 5, 2020",Study Status
NCT04354792,3,"May 5, 2020",Study Identification
NCT04354792,4,"May 8, 2020",Recruitment Status
NCT04354792,4,"May 8, 2020", Study Status
NCT04354792,4,"May 8, 2020", Contacts/Locations
NCT04354792,4,"May 8, 2020",Oversight
NCT04360538,1,"April 22, 2020",None (earliest Version on record)
NCT04359667,1,"April 21, 2020",None (earliest Version on record)
NCT04352842,1,"April 17, 2020",None (earliest Version on record)
NCT04352842,2,"April 18, 2020",Outcome Measures
NCT04352842,2,"April 18, 2020", Groups
NCT04352842,2,"April 18, 2020",Interventions
NCT04352842,2,"April 18, 2020", Study Status
NCT04352842,2,"April 18, 2020",Study Identification
NCT04352842,3,"May 17, 2020",Outcome Measures
NCT04352842,3,"May 17, 2020", Groups
NCT04352842,3,"May 17, 2020",Interventions
NCT04352842,3,"May 17, 2020", Study Status
NCT04352842,3,"May 17, 2020", Eligibility
NCT04352842,3,"May 17, 2020", Study Description
NCT04352842,3,"May 17, 2020", Study Identification
NCT04352842,3,"May 17, 2020",Study Design
NCT04357418,1,"April 18, 2020",None (earliest Version on record)
NCT04357418,2,"April 24, 2020",Study Description
NCT04357418,2,"April 24, 2020",Study Status
NCT04355442,1,"April 20, 2020",None (earliest Version on record)
NCT04355442,2,"April 28, 2020",Outcome Measures
NCT04355442,2,"April 28, 2020",Study Status
NCT04355442,3,"May 28, 2020",Recruitment Status
NCT04355442,3,"May 28, 2020", Study Status
NCT04355442,3,"May 28, 2020",Study Design
NCT04367129,1,"April 27, 2020",None (earliest Version on record)
NCT04354857,1,"April 17, 2020",None (earliest Version on record)
NCT04354753,1,"April 17, 2020",None (earliest Version on record)
NCT04367402,1,"April 28, 2020",None (earliest Version on record)
NCT04367402,2,"April 29, 2020",Study Design
NCT04367402,2,"April 29, 2020", Eligibility
NCT04367402,2,"April 29, 2020", Groups
NCT04367402,2,"April 29, 2020",Interventions
NCT04367402,2,"April 29, 2020",Study Status
NCT04354766,1,"April 17, 2020",None (earliest Version on record)
NCT04354766,2,"April 30, 2020",Recruitment Status
NCT04354766,2,"April 30, 2020", Study Status
NCT04354766,2,"April 30, 2020", Contacts/Locations
NCT04354766,2,"April 30, 2020",Oversight
NCT04355624,1,"April 17, 2020",None (earliest Version on record)
NCT04355624,2,"May 12, 2020",Study Status
NCT04355624,2,"May 12, 2020",Study Identification
NCT04354779,1,"April 17, 2020",None (earliest Version on record)
NCT04354779,2,"April 28, 2020",Sponsor/Collaborators
NCT04354779,2,"April 28, 2020",Study Status
NCT04354779,3,"May 8, 2020",Recruitment Status
NCT04354779,3,"May 8, 2020", Study Status
NCT04354779,3,"May 8, 2020",Contacts/Locations
NCT04354779,4,"May 11, 2020",Study Status
NCT04361786,1,"April 23, 2020",None (earliest Version on record)
NCT04355481,1,"April 17, 2020",None (earliest Version on record)
NCT04355481,2,"April 21, 2020",Recruitment Status
NCT04355481,2,"April 21, 2020", Study Status
NCT04355481,2,"April 21, 2020", Study Identification
NCT04355481,2,"April 21, 2020",Contacts/Locations
NCT04355715,1,"April 17, 2020",None (earliest Version on record)
NCT04355715,2,"April 23, 2020",Eligibility
NCT04355715,2,"April 23, 2020", Study Description
NCT04355715,2,"April 23, 2020", Study Status
NCT04355715,2,"April 23, 2020",Study Identification
NCT04355702,1,"April 17, 2020",None (earliest Version on record)
NCT04355702,2,"April 23, 2020",Conditions
NCT04355702,2,"April 23, 2020",Study Status
NCT04367363,1,"April 28, 2020",None (earliest Version on record)
NCT04366921,1,"April 28, 2020",None (earliest Version on record)
NCT04357041,1,"April 21, 2020",None (earliest Version on record)
NCT04357041,2,"April 27, 2020",Outcome Measures
NCT04357041,2,"April 27, 2020", Study Description
NCT04357041,2,"April 27, 2020",Study Status
NCT04355611,1,"April 17, 2020",None (earliest Version on record)
NCT04355611,2,"April 21, 2020",Outcome Measures
NCT04355611,2,"April 21, 2020", Conditions
NCT04355611,2,"April 21, 2020", Study Status
NCT04355611,2,"April 21, 2020",Study Identification
NCT04355611,3,"April 28, 2020",Recruitment Status
NCT04355611,3,"April 28, 2020", Study Status
NCT04355611,3,"April 28, 2020",Contacts/Locations
NCT04358380,1,"April 21, 2020",None (earliest Version on record)
NCT04356885,1,"April 21, 2020",None (earliest Version on record)
NCT04356885,2,"May 5, 2020",Eligibility
NCT04356885,2,"May 5, 2020", Outcome Measures
NCT04356885,2,"May 5, 2020", Study Description
NCT04356885,2,"May 5, 2020",Study Status
NCT04355871,1,"April 19, 2020",None (earliest Version on record)
NCT04355871,2,"May 8, 2020",Recruitment Status
NCT04355871,2,"May 8, 2020", Contacts/Locations
NCT04355871,2,"May 8, 2020", Study Status
NCT04355871,2,"May 8, 2020",Study Design
NCT04363333,1,"April 23, 2020",None (earliest Version on record)
NCT04363333,2,"April 24, 2020",Outcome Measures
NCT04363333,2,"April 24, 2020",Study Status
NCT04363333,3,"April 27, 2020",Recruitment Status
NCT04363333,3,"April 27, 2020", Study Status
NCT04363333,3,"April 27, 2020",Contacts/Locations
NCT04363333,4,"May 11, 2020",Study Status
NCT04363333,4,"May 11, 2020", Contacts/Locations
NCT04363333,4,"May 11, 2020",Sponsor/Collaborators
NCT04359914,1,"April 21, 2020",None (earliest Version on record)
NCT04359914,2,"April 22, 2020",Outcome Measures
NCT04359914,2,"April 22, 2020",Study Status
NCT04365166,1,"April 24, 2020",None (earliest Version on record)
NCT04365166,2,"April 30, 2020",Recruitment Status
NCT04365166,2,"April 30, 2020", Study Status
NCT04365166,2,"April 30, 2020",Contacts/Locations
NCT04365166,3,"May 13, 2020",Study Status
NCT04362345,1,"April 23, 2020",None (earliest Version on record)
NCT04362345,2,"April 28, 2020",Study Status
NCT04362345,2,"April 28, 2020", Study Design
NCT04362345,2,"April 28, 2020",Study Identification
NCT04376853,1,"May 4, 2020",None (earliest Version on record)
NCT04374123,1,"May 2, 2020",None (earliest Version on record)
NCT04357938,1,"April 21, 2020",None (earliest Version on record)
NCT04357574,1,"April 20, 2020",None (earliest Version on record)
NCT04361877,1,"April 23, 2020",None (earliest Version on record)
NCT04361877,2,"April 29, 2020",Outcome Measures
NCT04361877,2,"April 29, 2020",Study Status
NCT04385069,1,"May 11, 2020",None (earliest Version on record)
NCT04384029,1,"May 7, 2020",None (earliest Version on record)
NCT04358029,1,"April 20, 2020",None (earliest Version on record)
NCT04358029,2,"May 11, 2020",Study Status
NCT04358029,2,"May 11, 2020",Study Description
NCT04359849,1,"April 20, 2020",None (earliest Version on record)
NCT04359836,1,"April 20, 2020",None (earliest Version on record)
NCT04358536,1,"April 21, 2020",None (earliest Version on record)
NCT04358510,1,"April 21, 2020",None (earliest Version on record)
NCT04360954,1,"April 22, 2020",None (earliest Version on record)
NCT04360954,2,"April 24, 2020",Study Description
NCT04360954,2,"April 24, 2020", Eligibility
NCT04360954,2,"April 24, 2020",Study Status
NCT04403009,1,"May 24, 2020",None (earliest Version on record)
NCT04375748,1,"May 4, 2020",None (earliest Version on record)
NCT04363008,1,"April 23, 2020",None (earliest Version on record)
NCT04363008,2,"May 5, 2020",Outcome Measures
NCT04363008,2,"May 5, 2020", Study Status
NCT04363008,2,"May 5, 2020", Study Description
NCT04363008,2,"May 5, 2020",Groups
NCT04363008,2,"May 5, 2020",Interventions
NCT04359121,1,"April 21, 2020",None (earliest Version on record)
NCT04359121,2,"May 4, 2020",Study Design
NCT04359121,2,"May 4, 2020", Groups
NCT04359121,2,"May 4, 2020",Interventions
NCT04359121,2,"May 4, 2020", Contacts/Locations
NCT04359121,2,"May 4, 2020", Eligibility
NCT04359121,2,"May 4, 2020", Study Status
NCT04359121,2,"May 4, 2020", Outcome Measures
NCT04359121,2,"May 4, 2020",Study Description
NCT04359693,1,"April 21, 2020",None (earliest Version on record)
NCT04359693,2,"April 27, 2020",Study Status
NCT04359693,2,"April 27, 2020",Study Identification
NCT04359693,3,"May 26, 2020",Recruitment Status
NCT04359693,3,"May 26, 2020", Study Status
NCT04359693,3,"May 26, 2020", Contacts/Locations
NCT04359693,3,"May 26, 2020",Oversight
NCT04357431,1,"April 21, 2020",None (earliest Version on record)
NCT04357431,2,"May 11, 2020",Recruitment Status
NCT04357431,2,"May 11, 2020", Study Status
NCT04357431,2,"May 11, 2020", Contacts/Locations
NCT04357431,2,"May 11, 2020",Oversight
NCT04358640,1,"April 21, 2020",None (earliest Version on record)
NCT04356365,1,"April 21, 2020",None (earliest Version on record)
NCT04356365,2,"April 21, 2020",Eligibility
NCT04356365,2,"April 21, 2020", Study Description
NCT04356365,2,"April 21, 2020", Sponsor/Collaborators
NCT04356365,2,"April 21, 2020",Study Status
NCT04366024,1,"April 27, 2020",None (earliest Version on record)
NCT04365959,1,"April 26, 2020",None (earliest Version on record)
NCT04360850,1,"April 22, 2020",None (earliest Version on record)
NCT04360850,2,"April 24, 2020",Recruitment Status
NCT04360850,2,"April 24, 2020", Study Status
NCT04360850,2,"April 24, 2020",Contacts/Locations
NCT04397835,1,"May 19, 2020",None (earliest Version on record)
NCT04369807,1,"April 29, 2020",None (earliest Version on record)
NCT04361123,1,"April 22, 2020",None (earliest Version on record)
NCT04361123,2,"April 28, 2020",Recruitment Status
NCT04361123,2,"April 28, 2020", Study Status
NCT04361123,2,"April 28, 2020", Contacts/Locations
NCT04361123,2,"April 28, 2020",Oversight
NCT04371848,1,"April 30, 2020",None (earliest Version on record)
NCT04371250,1,"April 30, 2020",None (earliest Version on record)
NCT04371250,2,"May 6, 2020",Recruitment Status
NCT04371250,2,"May 6, 2020", Study Status
NCT04371250,2,"May 6, 2020", Study Design
NCT04371250,2,"May 6, 2020", Study Identification
NCT04371250,2,"May 6, 2020", Contacts/Locations
NCT04371250,2,"May 6, 2020",Oversight
NCT04366934,1,"April 27, 2020",None (earliest Version on record)
NCT04366934,2,"May 5, 2020",Recruitment Status
NCT04366934,2,"May 5, 2020", Study Status
NCT04366934,2,"May 5, 2020", Contacts/Locations
NCT04366934,2,"May 5, 2020",Oversight
NCT04360707,1,"April 22, 2020",None (earliest Version on record)
NCT04360707,2,"April 30, 2020",Study Identification
NCT04360707,2,"April 30, 2020", Outcome Measures
NCT04360707,2,"April 30, 2020",Study Status
NCT04360278,1,"April 22, 2020",None (earliest Version on record)
NCT04360278,2,"April 24, 2020",Study Status
NCT04360278,3,"April 25, 2020",Study Status
NCT04360278,4,"April 28, 2020",Study Status
NCT04360278,5,"May 1, 2020",Study Status
NCT04361565,1,"April 22, 2020",None (earliest Version on record)
NCT04361565,2,"April 23, 2020",Study Description
NCT04361565,2,"April 23, 2020",Study Status
NCT04361565,3,"May 12, 2020",Study Status
NCT04361565,3,"May 12, 2020",Study Identification
NCT04361019,1,"April 23, 2020",None (earliest Version on record)
NCT04360733,1,"April 22, 2020",None (earliest Version on record)
NCT04362943,1,"April 23, 2020",None (earliest Version on record)
NCT04360863,1,"April 22, 2020",None (earliest Version on record)
NCT04360863,2,"April 23, 2020",Recruitment Status
NCT04360863,2,"April 23, 2020", IPDSharing
NCT04360863,2,"April 23, 2020", Study Status
NCT04360863,2,"April 23, 2020", Study Identification
NCT04360863,2,"April 23, 2020",Contacts/Locations
NCT04393233,1,"May 18, 2020",None (earliest Version on record)
NCT04393233,2,"May 28, 2020",Study Description
NCT04393233,2,"May 28, 2020",Study Status
NCT04362995,1,"April 24, 2020",None (earliest Version on record)
NCT04362995,2,"May 21, 2020",Study Status
NCT04366778,1,"April 27, 2020",None (earliest Version on record)
NCT04366778,2,"May 4, 2020",Recruitment Status
NCT04366778,2,"May 4, 2020", Study Status
NCT04366778,2,"May 4, 2020", Contacts/Locations
NCT04366778,2,"May 4, 2020",Oversight
NCT04381286,1,"May 7, 2020",None (earliest Version on record)
NCT04381286,2,"May 10, 2020",Outcome Measures
NCT04381286,2,"May 10, 2020",Study Status
NCT04363099,1,"April 23, 2020",None (earliest Version on record)
NCT04363788,1,"April 23, 2020",None (earliest Version on record)
NCT04363788,2,"April 24, 2020",Outcome Measures
NCT04363788,2,"April 24, 2020",Study Status
NCT04363268,1,"April 23, 2020",None (earliest Version on record)
NCT04363268,2,"April 26, 2020",Contacts/Locations
NCT04363268,2,"April 26, 2020", Outcome Measures
NCT04363268,2,"April 26, 2020", Study Design
NCT04363268,2,"April 26, 2020", Study Description
NCT04363268,2,"April 26, 2020", Study Status
NCT04363268,2,"April 26, 2020",Study Identification
NCT04396600,1,"May 19, 2020",None (earliest Version on record)
NCT04362150,1,"April 23, 2020",None (earliest Version on record)
NCT04362150,2,"April 27, 2020",Recruitment Status
NCT04362150,2,"April 27, 2020", Study Status
NCT04362150,2,"April 27, 2020",Contacts/Locations
NCT04362150,3,"May 27, 2020",Study Status
NCT04362150,3,"May 27, 2020",References
NCT04377815,1,"May 5, 2020",None (earliest Version on record)
NCT04371315,1,"April 29, 2020",None (earliest Version on record)
NCT04370678,1,"April 28, 2020",None (earliest Version on record)
NCT04370678,2,"May 5, 2020",Outcome Measures
NCT04370678,2,"May 5, 2020",Study Status
NCT04365595,1,"April 24, 2020",None (earliest Version on record)
NCT04365595,2,"April 29, 2020",Outcome Measures
NCT04365595,2,"April 29, 2020", Contacts/Locations
NCT04365595,2,"April 29, 2020",Study Status
NCT04362930,1,"April 24, 2020",None (earliest Version on record)
NCT04362930,2,"April 25, 2020",Study Description
NCT04362930,2,"April 25, 2020",Study Status
NCT04362930,3,"May 11, 2020",Recruitment Status
NCT04362930,3,"May 11, 2020", Study Status
NCT04362930,3,"May 11, 2020", Contacts/Locations
NCT04362930,3,"May 11, 2020",Oversight
NCT04365335,1,"April 25, 2020",None (earliest Version on record)
NCT04365335,2,"April 30, 2020",Recruitment Status
NCT04365335,2,"April 30, 2020", Study Status
NCT04365335,2,"April 30, 2020",Contacts/Locations
NCT04365335,3,"May 13, 2020",Study Status
NCT04364698,1,"April 25, 2020",None (earliest Version on record)
NCT04364698,2,"May 12, 2020",Recruitment Status
NCT04364698,2,"May 12, 2020", Study Status
NCT04364698,2,"May 12, 2020", Contacts/Locations
NCT04364698,2,"May 12, 2020",Oversight
NCT04366167,1,"April 27, 2020",None (earliest Version on record)
NCT04362865,1,"April 24, 2020",None (earliest Version on record)
NCT04362865,2,"April 25, 2020",Study Status
NCT04362865,3,"April 28, 2020",Study Status
NCT04362865,4,"April 29, 2020",Study Status
NCT04362865,5,"April 30, 2020",Study Status
NCT04362865,5,"April 30, 2020",Study Description
NCT04362865,6,"May 9, 2020",Study Description
NCT04362865,6,"May 9, 2020",Study Status
NCT04362865,7,"May 28, 2020",Study Status
NCT04365725,1,"April 25, 2020",None (earliest Version on record)
NCT04365725,2,"May 12, 2020",Recruitment Status
NCT04365725,2,"May 12, 2020", Study Status
NCT04365725,2,"May 12, 2020",Contacts/Locations
NCT04365361,1,"April 25, 2020",None (earliest Version on record)
NCT04365361,2,"April 28, 2020",Conditions
NCT04365361,2,"April 28, 2020",Study Status
NCT04365361,3,"May 18, 2020",Recruitment Status
NCT04365361,3,"May 18, 2020", Study Status
NCT04365361,3,"May 18, 2020",Contacts/Locations
NCT04365348,1,"April 25, 2020",None (earliest Version on record)
NCT04365348,2,"May 18, 2020",Recruitment Status
NCT04365348,2,"May 18, 2020", Study Status
NCT04365348,2,"May 18, 2020", Contacts/Locations
NCT04365348,2,"May 18, 2020",Conditions
NCT04365634,1,"April 25, 2020",None (earliest Version on record)
NCT04365764,1,"April 25, 2020",None (earliest Version on record)
NCT04365764,2,"May 18, 2020",Study Description
NCT04365764,2,"May 18, 2020",Study Status
NCT04368637,1,"April 29, 2020",None (earliest Version on record)
NCT04368637,2,"May 4, 2020",Recruitment Status
NCT04368637,2,"May 4, 2020", Study Status
NCT04368637,2,"May 4, 2020",Contacts/Locations
NCT04382534,1,"May 7, 2020",None (earliest Version on record)
NCT04373811,1,"May 1, 2020",None (earliest Version on record)
NCT04373811,2,"May 23, 2020",Contacts/Locations
NCT04373811,2,"May 23, 2020", Eligibility
NCT04373811,2,"May 23, 2020", Outcome Measures
NCT04373811,2,"May 23, 2020", Study Description
NCT04373811,2,"May 23, 2020", Groups
NCT04373811,2,"May 23, 2020",Interventions
NCT04373811,2,"May 23, 2020",Study Status
NCT04365881,1,"April 26, 2020",None (earliest Version on record)
NCT04367064,1,"April 28, 2020",None (earliest Version on record)
NCT04365530,1,"April 26, 2020",None (earliest Version on record)
NCT04365530,2,"April 28, 2020",Contacts/Locations
NCT04365530,2,"April 28, 2020",Study Status
NCT04368351,1,"April 27, 2020",None (earliest Version on record)
NCT04368351,2,"April 29, 2020",Sponsor/Collaborators
NCT04368351,2,"April 29, 2020",Study Status
NCT04367792,1,"April 27, 2020",None (earliest Version on record)
NCT04367792,2,"April 29, 2020",Contacts/Locations
NCT04367792,2,"April 29, 2020", Eligibility
NCT04367792,2,"April 29, 2020", Outcome Measures
NCT04367792,2,"April 29, 2020", Study Description
NCT04367792,2,"April 29, 2020",Study Status
NCT04383470,1,"May 6, 2020",None (earliest Version on record)
NCT04383470,2,"May 12, 2020",Outcome Measures
NCT04383470,2,"May 12, 2020", Study Identification
NCT04383470,2,"May 12, 2020",Study Status
NCT04367896,1,"April 28, 2020",None (earliest Version on record)
NCT04368026,1,"April 27, 2020",None (earliest Version on record)
NCT04367805,1,"April 27, 2020",None (earliest Version on record)
NCT04367740,1,"April 27, 2020",None (earliest Version on record)
NCT04366752,1,"April 28, 2020",None (earliest Version on record)
NCT04370249,1,"April 29, 2020",None (earliest Version on record)
NCT04369989,1,"April 29, 2020",None (earliest Version on record)
NCT04367337,1,"April 28, 2020",None (earliest Version on record)
NCT04367337,2,"May 26, 2020",Study Status
NCT04367337,2,"May 26, 2020",Contacts/Locations
NCT04375670,1,"May 4, 2020",None (earliest Version on record)
NCT04375670,2,"May 19, 2020",Recruitment Status
NCT04375670,2,"May 19, 2020", Study Status
NCT04375670,2,"May 19, 2020", Study Description
NCT04375670,2,"May 19, 2020", Contacts/Locations
NCT04375670,2,"May 19, 2020", Eligibility
NCT04375670,2,"May 19, 2020",Sponsor/Collaborators
NCT04368390,1,"April 28, 2020",None (earliest Version on record)
NCT04367883,1,"April 28, 2020",None (earliest Version on record)
NCT04368338,1,"April 28, 2020",None (earliest Version on record)
NCT04370275,1,"April 29, 2020",None (earliest Version on record)
NCT04370197,1,"April 29, 2020",None (earliest Version on record)
NCT04370119,1,"April 29, 2020",None (earliest Version on record)
NCT04368884,1,"April 29, 2020",None (earliest Version on record)
NCT04371432,1,"April 30, 2020",None (earliest Version on record)
NCT04371432,2,"May 1, 2020",Study Status
NCT04371432,3,"May 2, 2020",Study Status
NCT04371432,4,"May 5, 2020",Contacts/Locations
NCT04371432,4,"May 5, 2020", Eligibility
NCT04371432,4,"May 5, 2020",Study Status
NCT04371432,5,"May 6, 2020",Study Status
NCT04371432,5,"May 6, 2020",Eligibility
NCT04371432,6,"May 7, 2020",Study Status
NCT04371432,7,"May 8, 2020",Study Status
NCT04371432,7,"May 8, 2020",Eligibility
NCT04371432,8,"May 9, 2020",Study Status
NCT04371432,9,"May 12, 2020",Study Status
NCT04371432,10,"May 13, 2020",Study Status
NCT04371432,11,"May 14, 2020",Study Status
NCT04371432,12,"May 15, 2020",Study Status
NCT04371432,13,"May 16, 2020",Study Status
NCT04371432,14,"May 19, 2020",Study Status
NCT04371432,15,"May 21, 2020",Study Status
NCT04371432,16,"May 22, 2020",Study Status
NCT04371432,17,"May 26, 2020",Study Status
NCT04371432,18,"May 27, 2020",Study Status
NCT04371432,19,"May 28, 2020",Study Status
NCT04371432,20,"May 29, 2020",Study Status
NCT04370210,1,"April 29, 2020",None (earliest Version on record)
NCT04370210,2,"May 6, 2020",Oversight
NCT04370210,2,"May 6, 2020",Study Status
NCT04370210,3,"May 28, 2020",Recruitment Status
NCT04370210,3,"May 28, 2020", Study Status
NCT04370210,3,"May 28, 2020",Contacts/Locations
NCT04374422,1,"May 1, 2020",None (earliest Version on record)
NCT04372576,1,"April 30, 2020",None (earliest Version on record)
NCT04372472,1,"April 30, 2020",None (earliest Version on record)
NCT04372056,1,"April 29, 2020",None (earliest Version on record)
NCT04372056,2,"May 7, 2020",Recruitment Status
NCT04372056,2,"May 7, 2020", Study Status
NCT04372056,2,"May 7, 2020", Contacts/Locations
NCT04372056,2,"May 7, 2020",Eligibility
NCT04369859,1,"April 29, 2020",None (earliest Version on record)
NCT04369859,2,"April 30, 2020",Outcome Measures
NCT04369859,2,"April 30, 2020",Study Status
NCT04385212,1,"May 8, 2020",None (earliest Version on record)
NCT04380987,1,"May 7, 2020",None (earliest Version on record)
NCT04379089,1,"May 6, 2020",None (earliest Version on record)
NCT04377581,1,"May 4, 2020",None (earliest Version on record)
NCT04375410,1,"May 1, 2020",None (earliest Version on record)
NCT04374071,1,"May 1, 2020",None (earliest Version on record)
NCT04373486,1,"April 30, 2020",None (earliest Version on record)
NCT04373148,1,"April 30, 2020",None (earliest Version on record)
NCT04371679,1,"April 30, 2020",None (earliest Version on record)
NCT04371562,1,"April 30, 2020",None (earliest Version on record)
NCT04371562,2,"May 1, 2020",Study Identification
NCT04371562,2,"May 1, 2020", References
NCT04371562,2,"May 1, 2020", Contacts/Locations
NCT04371562,2,"May 1, 2020", Study Description
NCT04371562,2,"May 1, 2020",Study Status
NCT04371471,1,"April 30, 2020",None (earliest Version on record)
NCT04375761,1,"May 4, 2020",None (earliest Version on record)
NCT04375761,2,"May 8, 2020",Contacts/Locations
NCT04375761,2,"May 8, 2020",Study Status
NCT04375761,3,"May 13, 2020",Recruitment Status
NCT04375761,3,"May 13, 2020", Study Status
NCT04375761,3,"May 13, 2020",Contacts/Locations
NCT04375761,4,"May 14, 2020",Contacts/Locations
NCT04375761,4,"May 14, 2020",Study Status
NCT04375761,5,"May 15, 2020",Contacts/Locations
NCT04375761,5,"May 15, 2020",Study Status
NCT04375761,6,"May 22, 2020",Contacts/Locations
NCT04375761,6,"May 22, 2020",Study Status
NCT04376580,1,"May 4, 2020",None (earliest Version on record)
NCT04376580,2,"May 19, 2020",Sponsor/Collaborators
NCT04376580,2,"May 19, 2020",Study Status
NCT04377035,1,"May 1, 2020",None (earliest Version on record)
NCT04377035,2,"May 5, 2020",Outcome Measures
NCT04377035,2,"May 5, 2020", Study Identification
NCT04377035,2,"May 5, 2020", Study Description
NCT04377035,2,"May 5, 2020", Sponsor/Collaborators
NCT04377035,2,"May 5, 2020",Study Status
NCT04374058,1,"May 2, 2020",None (earliest Version on record)
NCT04384471,1,"May 9, 2020",None (earliest Version on record)
NCT04378777,1,"May 6, 2020",None (earliest Version on record)
NCT04378777,2,"May 11, 2020",Contacts/Locations
NCT04378777,2,"May 11, 2020", Study Status
NCT04378777,2,"May 11, 2020",Study Identification
NCT04378777,3,"May 13, 2020",Recruitment Status
NCT04378777,3,"May 13, 2020", Study Status
NCT04378777,3,"May 13, 2020",Contacts/Locations
NCT04374656,1,"May 1, 2020",None (earliest Version on record)
NCT04374656,2,"May 20, 2020",Recruitment Status
NCT04374656,2,"May 20, 2020", Study Status
NCT04374656,2,"May 20, 2020", Contacts/Locations
NCT04374656,2,"May 20, 2020", Study Design
NCT04374656,2,"May 20, 2020",Oversight
NCT04377412,1,"May 5, 2020",None (earliest Version on record)
NCT04374617,1,"May 2, 2020",None (earliest Version on record)
NCT04374617,2,"May 4, 2020",Outcome Measures
NCT04374617,2,"May 4, 2020",Study Status
NCT04374097,1,"May 2, 2020",None (earliest Version on record)
NCT04374097,2,"May 4, 2020",Conditions
NCT04374097,2,"May 4, 2020", Eligibility
NCT04374097,2,"May 4, 2020", Study Description
NCT04374097,2,"May 4, 2020",Study Status
NCT04374513,1,"May 2, 2020",None (earliest Version on record)
NCT04374513,2,"May 4, 2020",Study Status
NCT04374513,2,"May 4, 2020",Study Description
NCT04374513,3,"May 15, 2020",Contacts/Locations
NCT04374513,3,"May 15, 2020",Study Status
NCT04375176,1,"May 3, 2020",None (earliest Version on record)
NCT04375137,1,"May 3, 2020",None (earliest Version on record)
NCT04375137,2,"May 4, 2020",Outcome Measures
NCT04375137,2,"May 4, 2020", Study Description
NCT04375137,2,"May 4, 2020",Study Status
NCT04379310,1,"May 6, 2020",None (earliest Version on record)
NCT04379245,1,"May 6, 2020",None (earliest Version on record)
NCT04379232,1,"May 6, 2020",None (earliest Version on record)
NCT04377074,1,"May 4, 2020",None (earliest Version on record)
NCT04376996,1,"May 4, 2020",None (earliest Version on record)
NCT04376996,2,"May 5, 2020",Study Description
NCT04376996,2,"May 5, 2020", Outcome Measures
NCT04376996,2,"May 5, 2020",Study Status
NCT04376944,1,"May 5, 2020",None (earliest Version on record)
NCT04381819,1,"May 8, 2020",None (earliest Version on record)
NCT04377607,1,"May 4, 2020",None (earliest Version on record)
NCT04377607,2,"May 7, 2020",Study Status
NCT04377607,2,"May 7, 2020",Sponsor/Collaborators
NCT04375709,1,"May 4, 2020",None (earliest Version on record)
NCT04375709,2,"May 8, 2020",Outcome Measures
NCT04375709,2,"May 8, 2020", Study Description
NCT04375709,2,"May 8, 2020",Study Status
NCT04380896,1,"May 7, 2020",None (earliest Version on record)
NCT04380896,2,"May 13, 2020",Groups
NCT04380896,2,"May 13, 2020",Interventions
NCT04380896,2,"May 13, 2020", Contacts/Locations
NCT04380896,2,"May 13, 2020",Study Status
NCT04382417,1,"May 8, 2020",None (earliest Version on record)
NCT04382417,2,"May 25, 2020",Study Identification
NCT04382417,2,"May 25, 2020", Study Description
NCT04382417,2,"May 25, 2020", Oversight
NCT04382417,2,"May 25, 2020",Study Status
NCT04376879,1,"May 5, 2020",None (earliest Version on record)
NCT04376879,2,"May 6, 2020",Outcome Measures
NCT04376879,2,"May 6, 2020", Study Description
NCT04376879,2,"May 6, 2020", Oversight
NCT04376879,2,"May 6, 2020",Study Status
NCT04376879,3,"May 25, 2020",Recruitment Status
NCT04376879,3,"May 25, 2020", Study Status
NCT04376879,3,"May 25, 2020",Contacts/Locations
NCT04376775,1,"May 5, 2020",None (earliest Version on record)
NCT04376775,2,"May 18, 2020",Recruitment Status
NCT04376775,2,"May 18, 2020", Study Status
NCT04376775,2,"May 18, 2020",Contacts/Locations
NCT04375501,1,"May 4, 2020",None (earliest Version on record)
NCT04375501,2,"May 19, 2020",Recruitment Status
NCT04375501,2,"May 19, 2020", Study Status
NCT04375501,2,"May 19, 2020", Sponsor/Collaborators
NCT04375501,2,"May 19, 2020", Eligibility
NCT04375501,2,"May 19, 2020", Contacts/Locations
NCT04375501,2,"May 19, 2020", Study Design
NCT04375501,2,"May 19, 2020",Study Identification
NCT04380870,1,"May 6, 2020",None (earliest Version on record)
NCT04378595,1,"May 5, 2020",None (earliest Version on record)
NCT04378595,2,"May 6, 2020",Study Description
NCT04378595,2,"May 6, 2020", Outcome Measures
NCT04378595,2,"May 6, 2020", Groups
NCT04378595,2,"May 6, 2020",Interventions
NCT04378595,2,"May 6, 2020",Study Status
NCT04377776,1,"May 5, 2020",None (earliest Version on record)
NCT04377490,1,"May 5, 2020",None (earliest Version on record)
NCT04377490,2,"May 7, 2020",Study Status
NCT04377490,2,"May 7, 2020",Study Identification
NCT04382235,1,"May 8, 2020",None (earliest Version on record)
NCT04382469,1,"May 6, 2020",None (earliest Version on record)
NCT04382469,2,"May 10, 2020",Sponsor/Collaborators
NCT04382469,2,"May 10, 2020",Study Status
NCT04378686,1,"May 6, 2020",None (earliest Version on record)
NCT04378686,2,"May 8, 2020",Study Status
NCT04378686,2,"May 8, 2020",Study Identification
NCT04377724,1,"May 5, 2020",None (earliest Version on record)
NCT04377724,2,"May 5, 2020",References
NCT04377724,2,"May 5, 2020", Eligibility
NCT04377724,2,"May 5, 2020", Study Identification
NCT04377724,2,"May 5, 2020",Study Status
NCT04377724,3,"May 14, 2020",Recruitment Status
NCT04377724,3,"May 14, 2020", Contacts/Locations
NCT04377724,3,"May 14, 2020",Study Status
NCT04379063,1,"May 6, 2020",None (earliest Version on record)
NCT04379063,2,"May 7, 2020",Study Identification
NCT04379063,2,"May 7, 2020", Outcome Measures
NCT04379063,2,"May 7, 2020", Study Description
NCT04379063,2,"May 7, 2020",Study Status
NCT04379063,3,"May 25, 2020",Recruitment Status
NCT04379063,3,"May 25, 2020", Study Status
NCT04379063,3,"May 25, 2020", Contacts/Locations
NCT04379063,3,"May 25, 2020",Oversight
NCT04378842,1,"May 5, 2020",None (earliest Version on record)
NCT04378842,2,"May 26, 2020",Recruitment Status
NCT04378842,2,"May 26, 2020", Study Status
NCT04378842,2,"May 26, 2020", Contacts/Locations
NCT04378842,2,"May 26, 2020",Oversight
NCT04378582,1,"May 5, 2020",None (earliest Version on record)
NCT04378582,2,"May 22, 2020",Recruitment Status
NCT04378582,2,"May 22, 2020", Study Status
NCT04378582,2,"May 22, 2020", Eligibility
NCT04378582,2,"May 22, 2020", Contacts/Locations
NCT04378582,2,"May 22, 2020", Study Design
NCT04378582,2,"May 22, 2020",Oversight
NCT04378582,3,"May 26, 2020",IPDSharing
NCT04378582,3,"May 26, 2020", Eligibility
NCT04378582,3,"May 26, 2020", Groups
NCT04378582,3,"May 26, 2020",Interventions
NCT04378582,3,"May 26, 2020",Study Status
NCT04377685,1,"May 5, 2020",None (earliest Version on record)
NCT04377685,2,"May 6, 2020",Study Status
NCT04377685,2,"May 6, 2020",Study Identification
NCT04377685,3,"May 10, 2020",Outcome Measures
NCT04377685,3,"May 10, 2020", Study Status
NCT04377685,3,"May 10, 2020",Study Identification
NCT04377685,4,"May 15, 2020",Outcome Measures
NCT04377685,4,"May 15, 2020", Study Status
NCT04377685,4,"May 15, 2020",Study Identification
NCT04381273,1,"May 7, 2020",None (earliest Version on record)
NCT04379297,1,"May 6, 2020",None (earliest Version on record)
NCT04386395,1,"May 12, 2020",None (earliest Version on record)
NCT04382781,1,"May 7, 2020",None (earliest Version on record)
NCT04382781,2,"May 9, 2020",Sponsor/Collaborators
NCT04382781,2,"May 9, 2020",Study Status
NCT04393155,1,"May 15, 2020",None (earliest Version on record)
NCT04393155,2,"May 18, 2020",Outcome Measures
NCT04393155,2,"May 18, 2020",Study Status
NCT04382508,1,"May 6, 2020",None (earliest Version on record)
NCT04382508,2,"May 18, 2020",Sponsor/Collaborators
NCT04382508,2,"May 18, 2020", Outcome Measures
NCT04382508,2,"May 18, 2020", Study Description
NCT04382508,2,"May 18, 2020",Study Status
NCT04380792,1,"May 7, 2020",None (earliest Version on record)
NCT04380779,1,"May 7, 2020",None (earliest Version on record)
NCT04380714,1,"May 7, 2020",None (earliest Version on record)
NCT04383652,1,"May 8, 2020",None (earliest Version on record)
NCT04381351,1,"May 7, 2020",None (earliest Version on record)
NCT04381351,2,"May 22, 2020",Sponsor/Collaborators
NCT04381351,2,"May 22, 2020",Study Status
NCT04383678,1,"May 8, 2020",None (earliest Version on record)
NCT04383678,2,"May 14, 2020",Study Design
NCT04383678,2,"May 14, 2020",Study Status
NCT04383678,3,"May 19, 2020",Sponsor/Collaborators
NCT04383678,3,"May 19, 2020", Study Identification
NCT04383678,3,"May 19, 2020", Contacts/Locations
NCT04383678,3,"May 19, 2020",Study Status
NCT04382196,1,"May 8, 2020",None (earliest Version on record)
NCT04384055,1,"May 8, 2020",None (earliest Version on record)
NCT04384055,2,"May 11, 2020",Study Status
NCT04384055,2,"May 11, 2020", Eligibility
NCT04384055,2,"May 11, 2020",Study Description
NCT04383886,1,"May 8, 2020",None (earliest Version on record)
NCT04385004,1,"May 8, 2020",None (earliest Version on record)
NCT04385004,2,"May 26, 2020",Outcome Measures
NCT04385004,2,"May 26, 2020", Conditions
NCT04385004,2,"May 26, 2020",Study Status
NCT04382794,1,"May 8, 2020",None (earliest Version on record)
NCT04382794,2,"May 8, 2020",Study Identification
NCT04382794,2,"May 8, 2020",Study Status
NCT04382794,3,"May 14, 2020",Recruitment Status
NCT04382794,3,"May 14, 2020", Study Status
NCT04382794,3,"May 14, 2020", Contacts/Locations
NCT04382794,3,"May 14, 2020",Oversight
NCT04383444,1,"May 9, 2020",None (earliest Version on record)
NCT04383444,2,"May 12, 2020",Study Status
NCT04383444,3,"May 13, 2020",Study Status
NCT04383444,4,"May 14, 2020",Study Status
NCT04383444,4,"May 14, 2020",Contacts/Locations
NCT04383444,5,"May 15, 2020",Study Status
NCT04383444,6,"May 16, 2020",Study Status
NCT04383444,7,"May 19, 2020",Study Status
NCT04383444,8,"May 21, 2020",Study Status
NCT04383444,8,"May 21, 2020",Study Description
NCT04383444,9,"May 22, 2020",Study Status
NCT04383444,10,"May 26, 2020",Study Status
NCT04383444,11,"May 27, 2020",Study Status
NCT04383444,12,"May 28, 2020",Study Status
NCT04383444,13,"May 29, 2020",Study Status
NCT04384250,1,"May 10, 2020",None (earliest Version on record)
NCT04383626,1,"May 10, 2020",None (earliest Version on record)
NCT04385238,1,"May 11, 2020",None (earliest Version on record)
NCT04385238,2,"May 14, 2020",Recruitment Status
NCT04385238,2,"May 14, 2020", Study Status
NCT04385238,2,"May 14, 2020", Contacts/Locations
NCT04385238,2,"May 14, 2020",Oversight
NCT04385238,3,"May 17, 2020",Study Design
NCT04385238,3,"May 17, 2020", Oversight
NCT04385238,3,"May 17, 2020",Study Status
NCT04385823,1,"May 12, 2020",None (earliest Version on record)
NCT04384926,1,"May 11, 2020",None (earliest Version on record)
NCT04384887,1,"May 11, 2020",None (earliest Version on record)
NCT04387786,1,"May 12, 2020",None (earliest Version on record)
NCT04386551,1,"May 11, 2020",None (earliest Version on record)
NCT04386551,2,"May 13, 2020",Study Identification
NCT04386551,2,"May 13, 2020",Study Status
NCT04389320,1,"May 13, 2020",None (earliest Version on record)
NCT04386720,1,"May 11, 2020",None (earliest Version on record)
NCT04386720,2,"May 14, 2020",Study Description
NCT04386720,2,"May 14, 2020",Study Status
NCT04386720,3,"May 18, 2020",Oversight
NCT04386720,3,"May 18, 2020",Study Status
NCT04386720,4,"May 26, 2020",Recruitment Status
NCT04386720,4,"May 26, 2020", Study Status
NCT04386720,4,"May 26, 2020",Contacts/Locations
NCT04385147,1,"May 11, 2020",None (earliest Version on record)
NCT04385147,2,"May 17, 2020",Recruitment Status
NCT04385147,2,"May 17, 2020", Study Status
NCT04385147,2,"May 17, 2020", Contacts/Locations
NCT04385147,2,"May 17, 2020", Study Design
NCT04385147,2,"May 17, 2020", Conditions
NCT04385147,2,"May 17, 2020", Outcome Measures
NCT04385147,2,"May 17, 2020",Oversight
NCT04385147,3,"May 19, 2020",Recruitment Status
NCT04385147,3,"May 19, 2020", Study Status
NCT04385147,3,"May 19, 2020", Contacts/Locations
NCT04385147,3,"May 19, 2020",Study Design
NCT04387279,1,"May 12, 2020",None (earliest Version on record)
NCT04386460,1,"May 12, 2020",None (earliest Version on record)
NCT04388670,1,"May 12, 2020",None (earliest Version on record)
NCT04388579,1,"May 12, 2020",None (earliest Version on record)
NCT04387214,1,"May 12, 2020",None (earliest Version on record)
NCT04387214,2,"May 12, 2020",Outcome Measures
NCT04387214,2,"May 12, 2020", Sponsor/Collaborators
NCT04387214,2,"May 12, 2020",Study Status
NCT04387214,3,"May 13, 2020",Outcome Measures
NCT04387214,3,"May 13, 2020",Study Status
NCT04388657,1,"May 13, 2020",None (earliest Version on record)
NCT04387799,1,"May 13, 2020",None (earliest Version on record)
NCT04387643,1,"May 13, 2020",None (earliest Version on record)
NCT04389645,1,"May 14, 2020",None (earliest Version on record)
NCT04389567,1,"May 13, 2020",None (earliest Version on record)
NCT04387656,1,"May 13, 2020",None (earliest Version on record)
NCT04387656,2,"May 27, 2020",Recruitment Status
NCT04387656,2,"May 27, 2020", Study Status
NCT04387656,2,"May 27, 2020", Contacts/Locations
NCT04387656,2,"May 27, 2020", Conditions
NCT04387656,2,"May 27, 2020",Oversight
NCT04387656,3,"May 29, 2020",Study Status
NCT04387656,3,"May 29, 2020",Contacts/Locations
NCT04392401,1,"May 15, 2020",None (earliest Version on record)
NCT04392089,1,"May 15, 2020",None (earliest Version on record)
NCT04390126,1,"May 14, 2020",None (earliest Version on record)
NCT04390126,2,"May 15, 2020",Study Description
NCT04390126,2,"May 15, 2020",Study Status
NCT04389658,1,"May 14, 2020",None (earliest Version on record)
NCT04389658,2,"May 14, 2020",Outcome Measures
NCT04389658,2,"May 14, 2020",Study Status
NCT04389463,1,"May 14, 2020",None (earliest Version on record)
NCT04389463,2,"May 15, 2020",Study Description
NCT04389463,2,"May 15, 2020",Study Status
NCT04391738,1,"May 14, 2020",None (earliest Version on record)
NCT04391738,2,"May 18, 2020",Study Identification
NCT04391738,2,"May 18, 2020",Study Status
NCT04393428,1,"May 14, 2020",None (earliest Version on record)
NCT04393428,2,"May 20, 2020",Study Identification
NCT04393428,2,"May 20, 2020",Study Status
NCT04389489,1,"May 14, 2020",None (earliest Version on record)
NCT04389489,2,"May 28, 2020",Recruitment Status
NCT04389489,2,"May 28, 2020", Study Status
NCT04389489,2,"May 28, 2020", Contacts/Locations
NCT04389489,2,"May 28, 2020",Sponsor/Collaborators
NCT04392388,1,"May 15, 2020",None (earliest Version on record)
NCT04392245,1,"May 15, 2020",None (earliest Version on record)
NCT04394026,1,"May 16, 2020",None (earliest Version on record)
NCT04393402,1,"May 18, 2020",None (earliest Version on record)
NCT04395833,1,"May 15, 2020",None (earliest Version on record)
NCT04391816,1,"May 15, 2020",None (earliest Version on record)
NCT04391816,2,"May 16, 2020",Study Status
NCT04391816,2,"May 16, 2020",Contacts/Locations
NCT04391816,3,"May 19, 2020",Study Status
NCT04391816,4,"May 21, 2020",Study Status
NCT04391816,5,"May 22, 2020",Study Status
NCT04391816,5,"May 22, 2020",Study Description
NCT04391816,6,"May 26, 2020",Study Status
NCT04391816,7,"May 27, 2020",Study Status
NCT04391816,8,"May 28, 2020",Study Status
NCT04391816,9,"May 29, 2020",Study Status
NCT04391166,1,"May 15, 2020",None (earliest Version on record)
NCT04391166,2,"May 15, 2020",Conditions
NCT04391166,2,"May 15, 2020", Study Identification
NCT04391166,2,"May 15, 2020", Eligibility
NCT04391166,2,"May 15, 2020", Outcome Measures
NCT04391166,2,"May 15, 2020", Study Description
NCT04391166,2,"May 15, 2020",Study Status
NCT04391166,3,"May 21, 2020",Recruitment Status
NCT04391166,3,"May 21, 2020", Study Status
NCT04391166,3,"May 21, 2020", Contacts/Locations
NCT04391166,3,"May 21, 2020",Oversight
NCT04391166,4,"May 27, 2020",Study Status
NCT04394195,1,"May 16, 2020",None (earliest Version on record)
NCT04393558,1,"May 16, 2020",None (earliest Version on record)
NCT04393558,2,"May 19, 2020",Eligibility
NCT04393558,2,"May 19, 2020", Study Description
NCT04393558,2,"May 19, 2020",Study Status
NCT04396197,1,"May 19, 2020",None (earliest Version on record)
NCT04395482,1,"May 19, 2020",None (earliest Version on record)
NCT04395482,2,"May 21, 2020",Eligibility
NCT04395482,2,"May 21, 2020", Outcome Measures
NCT04395482,2,"May 21, 2020", Study Description
NCT04395482,2,"May 21, 2020", Study Status
NCT04395482,2,"May 21, 2020",Study Identification
NCT04394429,1,"May 18, 2020",None (earliest Version on record)
NCT04396210,1,"May 19, 2020",None (earliest Version on record)
NCT04396210,2,"May 20, 2020",Study Status
NCT04396210,2,"May 20, 2020",Study Identification
NCT04394078,1,"May 18, 2020",None (earliest Version on record)
NCT04394078,2,"May 19, 2020",Conditions
NCT04394078,2,"May 19, 2020", Eligibility
NCT04394078,2,"May 19, 2020", Outcome Measures
NCT04394078,2,"May 19, 2020",Study Status
NCT04393974,1,"May 18, 2020",None (earliest Version on record)
NCT04393974,2,"May 20, 2020",Study Design
NCT04393974,2,"May 20, 2020",Study Status
NCT04401241,1,"May 22, 2020",None (earliest Version on record)
NCT04405466,1,"May 25, 2020",None (earliest Version on record)
NCT04395924,1,"May 19, 2020",None (earliest Version on record)
NCT04395924,2,"May 25, 2020",Study Description
NCT04395924,2,"May 25, 2020",Study Status
NCT04395924,3,"May 28, 2020",Contacts/Locations
NCT04395924,3,"May 28, 2020", Sponsor/Collaborators
NCT04395924,3,"May 28, 2020",Study Status
NCT04395755,1,"May 19, 2020",None (earliest Version on record)
NCT04395664,1,"May 19, 2020",None (earliest Version on record)
NCT04395300,1,"May 19, 2020",None (earliest Version on record)
NCT04397900,1,"May 19, 2020",None (earliest Version on record)
NCT04397848,1,"May 19, 2020",None (earliest Version on record)
NCT04397822,1,"May 19, 2020",None (earliest Version on record)
NCT04397588,1,"May 20, 2020",None (earliest Version on record)
NCT04395391,1,"May 19, 2020",None (earliest Version on record)
NCT04395391,2,"May 26, 2020",Recruitment Status
NCT04395391,2,"May 26, 2020", Study Status
NCT04395391,2,"May 26, 2020", Contacts/Locations
NCT04395391,2,"May 26, 2020", Study Design
NCT04395391,2,"May 26, 2020",Study Identification
NCT04394884,1,"May 19, 2020",None (earliest Version on record)
NCT04394884,2,"May 21, 2020",Study Status
NCT04394884,3,"May 22, 2020",Study Status
NCT04394884,4,"May 26, 2020",Study Status
NCT04394884,4,"May 26, 2020",Study Description
NCT04394884,5,"May 27, 2020",Study Status
NCT04394884,6,"May 28, 2020",Study Status
NCT04394884,7,"May 29, 2020",Study Status
NCT04400812,1,"May 21, 2020",None (earliest Version on record)
NCT04403607,1,"May 23, 2020",None (earliest Version on record)
NCT04400461,1,"May 21, 2020",None (earliest Version on record)
NCT04397172,1,"May 20, 2020",None (earliest Version on record)
NCT04397172,2,"May 20, 2020",Outcome Measures
NCT04397172,2,"May 20, 2020", Study Identification
NCT04397172,2,"May 20, 2020",Study Status
NCT04403035,1,"May 22, 2020",None (earliest Version on record)
NCT04401371,1,"May 22, 2020",None (earliest Version on record)
NCT04402229,1,"May 22, 2020",None (earliest Version on record)
NCT04401085,1,"May 21, 2020",None (earliest Version on record)
NCT04401085,2,"May 22, 2020",Conditions
NCT04401085,2,"May 22, 2020", Study Status
NCT04401085,2,"May 22, 2020",Study Identification
NCT04401085,3,"May 29, 2020",Contacts/Locations
NCT04401085,3,"May 29, 2020",Study Status
NCT04400006,1,"May 21, 2020",None (earliest Version on record)
NCT04401228,1,"May 22, 2020",None (earliest Version on record)
NCT04404062,1,"May 26, 2020",None (earliest Version on record)
NCT04403880,1,"May 22, 2020",None (earliest Version on record)
NCT04403880,2,"May 28, 2020",Contacts/Locations
NCT04403880,2,"May 28, 2020",Study Status
NCT04402853,1,"May 22, 2020",None (earliest Version on record)
NCT04402814,1,"May 22, 2020",None (earliest Version on record)
NCT04401449,1,"May 22, 2020",None (earliest Version on record)
NCT04401436,1,"May 22, 2020",None (earliest Version on record)
NCT04401436,2,"May 26, 2020",Study Status
NCT04401436,3,"May 27, 2020",Study Status
NCT04401098,1,"May 22, 2020",None (earliest Version on record)
NCT04401072,1,"May 22, 2020",None (earliest Version on record)
NCT04406545,1,"May 23, 2020",None (earliest Version on record)
NCT04406545,2,"May 28, 2020",Study Status
NCT04406545,2,"May 28, 2020",Study Identification
NCT04406233,1,"May 26, 2020",None (earliest Version on record)
NCT04403061,1,"May 26, 2020",None (earliest Version on record)
NCT04402827,1,"May 23, 2020",None (earliest Version on record)
NCT04402827,2,"May 28, 2020",Recruitment Status
NCT04402827,2,"May 28, 2020", Contacts/Locations
NCT04402827,2,"May 28, 2020", Eligibility
NCT04402827,2,"May 28, 2020", Conditions
NCT04402827,2,"May 28, 2020", Study Description
NCT04402827,2,"May 28, 2020", Study Status
NCT04402827,2,"May 28, 2020", Study Identification
NCT04402827,2,"May 28, 2020", Study Design
NCT04402827,2,"May 28, 2020",Oversight
NCT04407299,1,"May 27, 2020",None (earliest Version on record)
NCT04403438,1,"May 23, 2020",None (earliest Version on record)
NCT04403386,1,"May 26, 2020",None (earliest Version on record)
NCT04403386,2,"May 27, 2020",Study Status
NCT04403386,3,"May 28, 2020",Recruitment Status
NCT04403386,3,"May 28, 2020", Study Status
NCT04403386,3,"May 28, 2020", References
NCT04403386,3,"May 28, 2020",Contacts/Locations
NCT04403386,4,"May 29, 2020",Study Status
NCT04403386,4,"May 29, 2020",Study Description
NCT04406558,1,"May 27, 2020",None (earliest Version on record)
NCT04404179,1,"May 24, 2020",None (earliest Version on record)
NCT04404179,2,"May 27, 2020",Groups
NCT04404179,2,"May 27, 2020",Interventions
NCT04404179,2,"May 27, 2020", Eligibility
NCT04404179,2,"May 27, 2020", Conditions
NCT04404179,2,"May 27, 2020", Study Identification
NCT04404179,2,"May 27, 2020", Contacts/Locations
NCT04404179,2,"May 27, 2020", Outcome Measures
NCT04404179,2,"May 27, 2020", Study Description
NCT04404179,2,"May 27, 2020",Study Status
NCT04403932,1,"May 26, 2020",None (earliest Version on record)
NCT04403932,2,"May 28, 2020",Study Status
NCT04403932,2,"May 28, 2020",Study Identification
NCT04403828,1,"May 26, 2020",None (earliest Version on record)
NCT04405973,1,"May 25, 2020",None (earliest Version on record)
NCT04405973,2,"May 28, 2020",Study Status
NCT04405973,2,"May 28, 2020",Study Description
NCT04405869,1,"May 27, 2020",None (earliest Version on record)
NCT04405869,2,"May 27, 2020",Contacts/Locations
NCT04405869,2,"May 27, 2020",Study Status
NCT04405726,1,"May 25, 2020",None (earliest Version on record)
NCT04405726,2,"May 28, 2020",Contacts/Locations
NCT04405726,2,"May 28, 2020",Study Status
NCT04404244,1,"May 26, 2020",None (earliest Version on record)
NCT04408222,1,"May 27, 2020",None (earliest Version on record)
NCT04407143,1,"May 28, 2020",None (earliest Version on record)
NCT04406844,1,"May 27, 2020",None (earliest Version on record)
NCT04406090,1,"May 26, 2020",None (earliest Version on record)
NCT04406038,1,"May 26, 2020",None (earliest Version on record)
NCT04406038,2,"May 27, 2020",Study Status
NCT04405232,1,"May 26, 2020",None (earliest Version on record)
NCT04405232,2,"May 28, 2020",Study Status
NCT04405232,2,"May 28, 2020",Study Description
NCT04406571,1,"May 27, 2020",None (earliest Version on record)
NCT04408378,1,"May 28, 2020",None (earliest Version on record)
NCT04407663,1,"May 28, 2020",None (earliest Version on record)
NCT04407572,1,"May 27, 2020",None (earliest Version on record)
NCT04407559,1,"May 27, 2020",None (earliest Version on record)
NCT04407559,2,"May 28, 2020",Study Status
NCT04407559,2,"May 28, 2020",Study Description
NCT04407533,1,"May 27, 2020",None (earliest Version on record)
NCT04407494,1,"May 27, 2020",None (earliest Version on record)
NCT04407494,2,"May 28, 2020",Study Status
NCT04407494,2,"May 28, 2020",Study Identification
NCT04407468,1,"May 27, 2020",None (earliest Version on record)
NCT04407429,1,"May 27, 2020",None (earliest Version on record)
NCT04407273,1,"May 27, 2020",None (earliest Version on record)
NCT04407260,1,"May 28, 2020",None (earliest Version on record)
NCT04407260,2,"May 28, 2020",Groups
NCT04407260,2,"May 28, 2020",Interventions
NCT04407260,2,"May 28, 2020", Contacts/Locations
NCT04407260,2,"May 28, 2020", Eligibility
NCT04407260,2,"May 28, 2020", Outcome Measures
NCT04407260,2,"May 28, 2020", Study Description
NCT04407260,2,"May 28, 2020", Study Status
NCT04407260,2,"May 28, 2020",Study Identification
NCT04407117,1,"May 27, 2020",None (earliest Version on record)
NCT04407923,1,"May 28, 2020",None (earliest Version on record)
